#	A	C	D	E	F	G	H	I	K	L	M	N	P	Q	R	S	T	V	W	Y
T000590	0.1111111111111111	0.1111111111111111	0.0	0.0	0.0	0.1111111111111111	0.0	0.0	0.0	0.0	0.0	0.0	0.3333333333333333	0.1111111111111111	0.0	0.2222222222222222	0.0	0.0	0.0	0.0
T000531	0.1	0.0	0.0	0.0	0.0	0.2	0.0	0.0	0.0	0.2	0.0	0.1	0.3	0.0	0.1	0.0	0.0	0.0	0.0	0.0
T000993	0.2	0.0	0.1	0.2	0.0	0.0	0.0	0.0	0.0	0.2	0.0	0.0	0.0	0.0	0.0	0.1	0.0	0.1	0.0	0.1
T000422	0.0	0.1	0.1	0.0	0.0	0.0	0.0	0.2	0.0	0.0	0.1	0.0	0.0	0.0	0.0	0.2	0.0	0.0	0.2	0.1
T000849	0.2	0.1	0.0	0.0	0.0	0.0	0.0	0.0	0.0	0.3	0.0	0.0	0.1	0.0	0.1	0.0	0.1	0.0	0.1	0.0
T000300	0.1	0.0	0.1	0.0	0.2	0.0	0.2	0.1	0.0	0.1	0.0	0.0	0.0	0.0	0.0	0.1	0.0	0.1	0.0	0.0
T000565	0.1111111111111111	0.0	0.0	0.0	0.1111111111111111	0.1111111111111111	0.0	0.0	0.1111111111111111	0.1111111111111111	0.0	0.1111111111111111	0.1111111111111111	0.1111111111111111	0.0	0.1111111111111111	0.0	0.0	0.0	0.0
T000664	0.0	0.0	0.0	0.0	0.1111111111111111	0.0	0.0	0.2222222222222222	0.0	0.1111111111111111	0.1111111111111111	0.1111111111111111	0.0	0.1111111111111111	0.0	0.0	0.1111111111111111	0.0	0.1111111111111111	0.0
T000957	0.1111111111111111	0.0	0.0	0.0	0.1111111111111111	0.0	0.1111111111111111	0.1111111111111111	0.0	0.2222222222222222	0.1111111111111111	0.1111111111111111	0.0	0.1111111111111111	0.0	0.0	0.0	0.0	0.0	0.0
T000361	0.09090909090909091	0.0	0.09090909090909091	0.0	0.09090909090909091	0.09090909090909091	0.18181818181818182	0.0	0.09090909090909091	0.0	0.0	0.0	0.09090909090909091	0.0	0.09090909090909091	0.09090909090909091	0.0	0.09090909090909091	0.0	0.0
T000101	0.2222222222222222	0.1111111111111111	0.0	0.0	0.1111111111111111	0.0	0.1111111111111111	0.0	0.0	0.0	0.0	0.0	0.1111111111111111	0.0	0.0	0.0	0.1111111111111111	0.1111111111111111	0.1111111111111111	0.0
T000494	0.0	0.09090909090909091	0.0	0.0	0.09090909090909091	0.0	0.0	0.09090909090909091	0.0	0.2727272727272727	0.09090909090909091	0.0	0.0	0.09090909090909091	0.0	0.09090909090909091	0.09090909090909091	0.0	0.09090909090909091	0.0
T000838	0.0	0.0	0.0	0.0	0.1111111111111111	0.1111111111111111	0.1111111111111111	0.0	0.0	0.3333333333333333	0.0	0.0	0.0	0.0	0.1111111111111111	0.0	0.2222222222222222	0.0	0.0	0.0
T000845	0.0	0.0	0.0	0.0	0.0	0.0	0.2	0.1	0.0	0.2	0.0	0.1	0.0	0.0	0.1	0.0	0.1	0.0	0.1	0.1
T000250	0.0	0.0	0.0	0.0	0.0	0.2222222222222222	0.0	0.2222222222222222	0.0	0.0	0.0	0.0	0.1111111111111111	0.0	0.1111111111111111	0.2222222222222222	0.0	0.0	0.0	0.1111111111111111
T000821	0.0	0.0	0.0	0.1	0.0	0.2	0.1	0.0	0.1	0.3	0.0	0.0	0.1	0.0	0.0	0.0	0.0	0.1	0.0	0.0
T000346	0.1	0.0	0.1	0.0	0.2	0.0	0.0	0.0	0.0	0.3	0.0	0.0	0.0	0.0	0.0	0.1	0.0	0.1	0.0	0.1
T000987	0.0	0.0	0.0	0.2222222222222222	0.0	0.0	0.0	0.0	0.2222222222222222	0.3333333333333333	0.0	0.0	0.1111111111111111	0.0	0.0	0.0	0.0	0.0	0.0	0.1111111111111111
T000896	0.2	0.0	0.1	0.1	0.1	0.0	0.0	0.0	0.0	0.0	0.0	0.0	0.1	0.1	0.0	0.0	0.0	0.3	0.0	0.0
T000252	0.0	0.0	0.0	0.0	0.0	0.2222222222222222	0.0	0.1111111111111111	0.1111111111111111	0.0	0.1111111111111111	0.0	0.1111111111111111	0.0	0.1111111111111111	0.1111111111111111	0.0	0.1111111111111111	0.0	0.0
T000620	0.3	0.0	0.0	0.2	0.0	0.2	0.0	0.2	0.0	0.1	0.0	0.0	0.0	0.0	0.0	0.0	0.0	0.0	0.0	0.0
T000214	0.0	0.0	0.1	0.1	0.0	0.1	0.1	0.1	0.0	0.1	0.1	0.0	0.1	0.0	0.0	0.0	0.0	0.1	0.0	0.1
T000818	0.0	0.0	0.1	0.0	0.0	0.1	0.0	0.1	0.0	0.0	0.1	0.0	0.1	0.2	0.1	0.0	0.0	0.0	0.0	0.2
T000500	0.0	0.0	0.0	0.0	0.0	0.1	0.0	0.2	0.0	0.1	0.0	0.1	0.0	0.0	0.1	0.1	0.2	0.1	0.0	0.0
T000671	0.0	0.0	0.2	0.0	0.0	0.0	0.0	0.1	0.0	0.5	0.0	0.0	0.0	0.0	0.0	0.1	0.0	0.1	0.0	0.0
T000052	0.1111111111111111	0.0	0.1111111111111111	0.1111111111111111	0.1111111111111111	0.0	0.0	0.0	0.1111111111111111	0.2222222222222222	0.0	0.0	0.0	0.0	0.2222222222222222	0.0	0.0	0.0	0.0	0.0
T000151	0.0	0.0	0.0	0.1111111111111111	0.1111111111111111	0.1111111111111111	0.0	0.1111111111111111	0.0	0.2222222222222222	0.0	0.0	0.0	0.1111111111111111	0.0	0.0	0.0	0.1111111111111111	0.0	0.1111111111111111
T000996	0.0	0.0	0.0	0.0	0.1111111111111111	0.0	0.0	0.0	0.2222222222222222	0.1111111111111111	0.0	0.0	0.0	0.1111111111111111	0.0	0.1111111111111111	0.2222222222222222	0.1111111111111111	0.0	0.0
T000740	0.1	0.1	0.1	0.1	0.0	0.0	0.0	0.0	0.1	0.1	0.0	0.1	0.0	0.1	0.0	0.1	0.0	0.1	0.0	0.0
T000887	0.1111111111111111	0.0	0.1111111111111111	0.0	0.1111111111111111	0.0	0.0	0.0	0.0	0.3333333333333333	0.0	0.0	0.0	0.0	0.1111111111111111	0.0	0.1111111111111111	0.1111111111111111	0.0	0.0
T000476	0.18181818181818182	0.0	0.0	0.18181818181818182	0.09090909090909091	0.0	0.0	0.0	0.0	0.09090909090909091	0.18181818181818182	0.0	0.18181818181818182	0.0	0.0	0.0	0.09090909090909091	0.0	0.0	0.0
T000837	0.2222222222222222	0.0	0.1111111111111111	0.0	0.2222222222222222	0.0	0.1111111111111111	0.0	0.0	0.2222222222222222	0.0	0.0	0.0	0.0	0.0	0.1111111111111111	0.0	0.0	0.0	0.0
T000398	0.1	0.0	0.2	0.0	0.0	0.0	0.0	0.1	0.0	0.1	0.0	0.0	0.1	0.0	0.0	0.2	0.1	0.0	0.0	0.1
T000699	0.0	0.0	0.0	0.0	0.1111111111111111	0.0	0.0	0.0	0.0	0.1111111111111111	0.0	0.1111111111111111	0.2222222222222222	0.1111111111111111	0.0	0.0	0.0	0.1111111111111111	0.1111111111111111	0.1111111111111111
T000879	0.0	0.0	0.0	0.0	0.0	0.2222222222222222	0.0	0.0	0.0	0.5555555555555556	0.0	0.0	0.2222222222222222	0.0	0.0	0.0	0.0	0.0	0.0	0.0
T000692	0.1111111111111111	0.1111111111111111	0.0	0.0	0.1111111111111111	0.1111111111111111	0.0	0.0	0.0	0.2222222222222222	0.1111111111111111	0.0	0.0	0.0	0.0	0.0	0.1111111111111111	0.1111111111111111	0.0	0.0
T000310	0.0	0.0	0.25	0.125	0.0	0.0	0.0	0.25	0.0	0.0	0.0	0.0	0.0	0.0	0.125	0.125	0.0	0.0	0.125	0.0
T001091	0.25	0.125	0.0	0.125	0.0	0.0	0.0	0.0	0.0	0.125	0.125	0.0	0.0	0.0	0.0	0.0	0.0	0.125	0.0	0.125
T000828	0.0	0.1111111111111111	0.0	0.1111111111111111	0.0	0.1111111111111111	0.0	0.0	0.1111111111111111	0.1111111111111111	0.0	0.1111111111111111	0.0	0.0	0.0	0.0	0.0	0.2222222222222222	0.0	0.1111111111111111
T000368	0.0	0.0	0.1	0.1	0.1	0.1	0.0	0.2	0.0	0.1	0.0	0.0	0.0	0.0	0.0	0.1	0.1	0.0	0.0	0.1
T000510	0.25	0.0	0.0	0.1	0.05	0.0	0.0	0.0	0.0	0.15	0.1	0.0	0.1	0.0	0.1	0.05	0.05	0.0	0.0	0.05
T000785	0.1	0.0	0.0	0.0	0.0	0.3	0.1	0.0	0.0	0.3	0.0	0.0	0.1	0.0	0.0	0.0	0.0	0.1	0.0	0.0
T000792	0.0	0.1111111111111111	0.0	0.0	0.0	0.0	0.0	0.0	0.1111111111111111	0.2222222222222222	0.1111111111111111	0.1111111111111111	0.0	0.0	0.0	0.1111111111111111	0.1111111111111111	0.1111111111111111	0.0	0.0
T000291	0.1	0.1	0.0	0.0	0.1	0.0	0.0	0.0	0.0	0.2	0.0	0.0	0.0	0.1	0.0	0.2	0.1	0.0	0.1	0.0
T000621	0.2727272727272727	0.0	0.0	0.18181818181818182	0.0	0.18181818181818182	0.0	0.18181818181818182	0.0	0.09090909090909091	0.0	0.0	0.0	0.0	0.0	0.0	0.09090909090909091	0.0	0.0	0.0
T000668	0.2	0.0	0.1	0.0	0.0	0.0	0.0	0.1	0.2	0.1	0.0	0.0	0.0	0.1	0.0	0.0	0.0	0.2	0.0	0.0
T000262	0.1	0.0	0.0	0.1	0.1	0.1	0.0	0.1	0.0	0.4	0.0	0.0	0.0	0.0	0.0	0.0	0.0	0.1	0.0	0.0
T000135	0.0	0.0	0.0	0.1111111111111111	0.0	0.0	0.0	0.1111111111111111	0.2222222222222222	0.1111111111111111	0.0	0.0	0.0	0.0	0.0	0.0	0.0	0.3333333333333333	0.0	0.1111111111111111
T000973	0.1	0.0	0.1	0.1	0.0	0.1	0.0	0.0	0.0	0.1	0.0	0.0	0.2	0.0	0.1	0.0	0.0	0.2	0.0	0.0
T000435	0.3333333333333333	0.0	0.0	0.1111111111111111	0.0	0.0	0.0	0.0	0.0	0.1111111111111111	0.0	0.0	0.2222222222222222	0.0	0.0	0.0	0.2222222222222222	0.0	0.0	0.0
T000279	0.0	0.0	0.0	0.1111111111111111	0.1111111111111111	0.1111111111111111	0.0	0.0	0.0	0.2222222222222222	0.0	0.1111111111111111	0.0	0.0	0.1111111111111111	0.1111111111111111	0.0	0.1111111111111111	0.0	0.0
T000180	0.1111111111111111	0.0	0.0	0.0	0.1111111111111111	0.1111111111111111	0.0	0.0	0.0	0.2222222222222222	0.0	0.0	0.1111111111111111	0.0	0.1111111111111111	0.0	0.0	0.1111111111111111	0.1111111111111111	0.0
T000127	0.1	0.0	0.0	0.1	0.1	0.0	0.0	0.1	0.1	0.1	0.0	0.0	0.0	0.0	0.1	0.1	0.1	0.1	0.0	0.0
T000674	0.0	0.0	0.0	0.2222222222222222	0.0	0.0	0.1111111111111111	0.2222222222222222	0.0	0.1111111111111111	0.0	0.0	0.0	0.0	0.0	0.1111111111111111	0.1111111111111111	0.1111111111111111	0.0	0.0
T000920	0.0	0.0	0.0	0.1	0.0	0.0	0.0	0.0	0.2	0.3	0.0	0.0	0.0	0.0	0.0	0.3	0.0	0.0	0.0	0.1
T000717	0.4444444444444444	0.0	0.1111111111111111	0.0	0.0	0.0	0.0	0.0	0.0	0.1111111111111111	0.0	0.0	0.0	0.0	0.2222222222222222	0.0	0.0	0.1111111111111111	0.0	0.0
T000454	0.0	0.0	0.0	0.08333333333333333	0.08333333333333333	0.08333333333333333	0.0	0.16666666666666666	0.08333333333333333	0.08333333333333333	0.0	0.08333333333333333	0.0	0.0	0.0	0.08333333333333333	0.16666666666666666	0.08333333333333333	0.0	0.0
T000548	0.0	0.1	0.2	0.0	0.0	0.0	0.1	0.0	0.0	0.1	0.0	0.1	0.0	0.0	0.0	0.0	0.0	0.2	0.0	0.2
T000044	0.0	0.0	0.0	0.0	0.1111111111111111	0.2222222222222222	0.0	0.1111111111111111	0.0	0.1111111111111111	0.0	0.0	0.0	0.0	0.0	0.0	0.0	0.4444444444444444	0.0	0.0
T000985	0.0	0.0	0.1111111111111111	0.1111111111111111	0.1111111111111111	0.0	0.0	0.0	0.0	0.3333333333333333	0.0	0.0	0.0	0.2222222222222222	0.0	0.1111111111111111	0.0	0.0	0.0	0.0
T000383	0.1111111111111111	0.0	0.0	0.1111111111111111	0.1111111111111111	0.0	0.0	0.0	0.0	0.2222222222222222	0.0	0.1111111111111111	0.0	0.1111111111111111	0.0	0.0	0.0	0.0	0.0	0.2222222222222222
T000817	0.0	0.0	0.1111111111111111	0.0	0.0	0.1111111111111111	0.0	0.1111111111111111	0.2222222222222222	0.0	0.1111111111111111	0.0	0.1111111111111111	0.1111111111111111	0.0	0.0	0.0	0.0	0.0	0.1111111111111111
T000015	0.1111111111111111	0.0	0.0	0.0	0.0	0.1111111111111111	0.0	0.3333333333333333	0.0	0.1111111111111111	0.0	0.0	0.0	0.0	0.0	0.1111111111111111	0.0	0.2222222222222222	0.0	0.0
T000950	0.1111111111111111	0.0	0.0	0.1111111111111111	0.0	0.0	0.0	0.0	0.1111111111111111	0.2222222222222222	0.2222222222222222	0.0	0.0	0.0	0.0	0.0	0.1111111111111111	0.0	0.0	0.1111111111111111
T000926	0.0	0.1	0.0	0.0	0.0	0.0	0.0	0.0	0.0	0.1	0.0	0.1	0.1	0.1	0.0	0.0	0.2	0.2	0.0	0.1
T000596	0.0	0.0	0.1111111111111111	0.0	0.0	0.1111111111111111	0.0	0.1111111111111111	0.0	0.1111111111111111	0.0	0.1111111111111111	0.1111111111111111	0.0	0.0	0.1111111111111111	0.1111111111111111	0.1111111111111111	0.0	0.0
T000964	0.3333333333333333	0.0	0.0	0.1111111111111111	0.0	0.0	0.0	0.0	0.0	0.1111111111111111	0.0	0.0	0.1111111111111111	0.1111111111111111	0.1111111111111111	0.0	0.0	0.1111111111111111	0.0	0.0
T000317	0.08333333333333333	0.0	0.08333333333333333	0.08333333333333333	0.08333333333333333	0.0	0.0	0.0	0.0	0.08333333333333333	0.0	0.0	0.16666666666666666	0.0	0.08333333333333333	0.16666666666666666	0.08333333333333333	0.08333333333333333	0.0	0.0
T000245	0.0	0.0	0.0	0.125	0.125	0.0	0.0	0.125	0.125	0.125	0.125	0.0	0.0	0.0	0.0	0.25	0.0	0.0	0.0	0.0
T000397	0.375	0.0	0.0	0.0	0.125	0.0	0.125	0.0	0.0	0.25	0.0	0.0	0.0	0.0	0.125	0.0	0.0	0.0	0.0	0.0
T000919	0.0	0.1	0.1	0.0	0.1	0.0	0.0	0.0	0.0	0.2	0.0	0.1	0.1	0.0	0.0	0.1	0.0	0.1	0.1	0.0
T000783	0.2	0.0	0.0	0.0	0.0	0.0	0.0	0.1	0.0	0.1	0.1	0.0	0.0	0.0	0.1	0.1	0.0	0.2	0.1	0.0
T000393	0.0	0.1111111111111111	0.0	0.0	0.1111111111111111	0.1111111111111111	0.0	0.0	0.1111111111111111	0.2222222222222222	0.0	0.0	0.0	0.1111111111111111	0.1111111111111111	0.1111111111111111	0.0	0.0	0.0	0.0
T000388	0.0	0.0	0.0	0.1111111111111111	0.1111111111111111	0.0	0.0	0.1111111111111111	0.1111111111111111	0.1111111111111111	0.1111111111111111	0.0	0.0	0.0	0.0	0.1111111111111111	0.0	0.1111111111111111	0.1111111111111111	0.0
T000941	0.1111111111111111	0.0	0.1111111111111111	0.0	0.0	0.0	0.0	0.1111111111111111	0.1111111111111111	0.4444444444444444	0.0	0.0	0.0	0.0	0.0	0.0	0.0	0.0	0.0	0.1111111111111111
T000972	0.0	0.1	0.0	0.2	0.0	0.0	0.0	0.0	0.1	0.1	0.0	0.0	0.0	0.1	0.2	0.0	0.1	0.1	0.0	0.0
T000903	0.0	0.0	0.1	0.0	0.0	0.1	0.1	0.1	0.2	0.2	0.0	0.0	0.0	0.1	0.0	0.1	0.0	0.0	0.0	0.0
T000929	0.0	0.0	0.0	0.0	0.0	0.0	0.0	0.0	0.0	0.1111111111111111	0.0	0.0	0.1111111111111111	0.0	0.3333333333333333	0.0	0.0	0.3333333333333333	0.0	0.1111111111111111
T000913	0.0	0.0	0.1111111111111111	0.0	0.1111111111111111	0.0	0.0	0.1111111111111111	0.0	0.2222222222222222	0.0	0.1111111111111111	0.0	0.0	0.2222222222222222	0.0	0.0	0.1111111111111111	0.0	0.0
T000819	0.0	0.0	0.1	0.2	0.1	0.0	0.0	0.0	0.0	0.0	0.0	0.0	0.0	0.0	0.1	0.0	0.0	0.1	0.0	0.4
T000599	0.1111111111111111	0.0	0.0	0.1111111111111111	0.0	0.1111111111111111	0.0	0.0	0.0	0.1111111111111111	0.0	0.0	0.2222222222222222	0.0	0.0	0.0	0.1111111111111111	0.1111111111111111	0.0	0.1111111111111111
T000830	0.1	0.0	0.0	0.0	0.2	0.0	0.1	0.0	0.0	0.2	0.0	0.2	0.1	0.0	0.0	0.0	0.0	0.1	0.0	0.0
T000859	0.0	0.0	0.0	0.0	0.1111111111111111	0.0	0.0	0.0	0.0	0.2222222222222222	0.0	0.1111111111111111	0.0	0.0	0.1111111111111111	0.1111111111111111	0.1111111111111111	0.1111111111111111	0.0	0.1111111111111111
T000971	0.1	0.2	0.0	0.0	0.0	0.0	0.0	0.1	0.0	0.1	0.0	0.0	0.2	0.1	0.1	0.0	0.0	0.1	0.0	0.0
T000301	0.1111111111111111	0.0	0.0	0.0	0.0	0.1111111111111111	0.0	0.0	0.0	0.5555555555555556	0.0	0.0	0.0	0.0	0.0	0.1111111111111111	0.0	0.1111111111111111	0.0	0.0
T000312	0.0	0.0	0.2222222222222222	0.1111111111111111	0.1111111111111111	0.0	0.0	0.2222222222222222	0.0	0.0	0.0	0.0	0.0	0.0	0.1111111111111111	0.1111111111111111	0.0	0.0	0.1111111111111111	0.0
T000103	0.1	0.0	0.1	0.0	0.0	0.1	0.0	0.0	0.1	0.3	0.1	0.0	0.0	0.0	0.1	0.0	0.0	0.1	0.0	0.0
T000844	0.0	0.0	0.0	0.0	0.0	0.0	0.0	0.0	0.1	0.5	0.0	0.0	0.0	0.0	0.0	0.2	0.1	0.0	0.1	0.0
T000413	0.0	0.0	0.0	0.0	0.1111111111111111	0.1111111111111111	0.0	0.0	0.2222222222222222	0.3333333333333333	0.0	0.0	0.0	0.0	0.1111111111111111	0.0	0.0	0.1111111111111111	0.0	0.0
T000347	0.0	0.0	0.1111111111111111	0.0	0.2222222222222222	0.0	0.0	0.0	0.0	0.3333333333333333	0.0	0.0	0.0	0.0	0.0	0.1111111111111111	0.0	0.1111111111111111	0.0	0.1111111111111111
T000889	0.0	0.0	0.0	0.1111111111111111	0.0	0.0	0.0	0.0	0.1111111111111111	0.3333333333333333	0.0	0.2222222222222222	0.0	0.1111111111111111	0.0	0.0	0.0	0.0	0.0	0.1111111111111111
T000579	0.0	0.0	0.0	0.0	0.0	0.0	0.0	0.1111111111111111	0.1111111111111111	0.2222222222222222	0.1111111111111111	0.0	0.0	0.0	0.3333333333333333	0.0	0.0	0.0	0.0	0.1111111111111111
T000953	0.1111111111111111	0.1111111111111111	0.0	0.1111111111111111	0.0	0.1111111111111111	0.0	0.0	0.0	0.2222222222222222	0.2222222222222222	0.0	0.0	0.0	0.0	0.0	0.0	0.0	0.0	0.1111111111111111
T000012	0.0	0.1111111111111111	0.0	0.0	0.0	0.1111111111111111	0.1111111111111111	0.0	0.0	0.1111111111111111	0.0	0.0	0.0	0.2222222222222222	0.0	0.0	0.0	0.2222222222222222	0.0	0.1111111111111111
T000696	0.0	0.0	0.1	0.0	0.0	0.0	0.0	0.0	0.0	0.2	0.1	0.0	0.1	0.1	0.0	0.0	0.0	0.2	0.1	0.1
T000036	0.0	0.0	0.0	0.2	0.0	0.1	0.0	0.1	0.0	0.2	0.0	0.0	0.0	0.0	0.0	0.0	0.2	0.0	0.0	0.2
T000575	0.1111111111111111	0.0	0.0	0.1111111111111111	0.0	0.2222222222222222	0.0	0.1111111111111111	0.0	0.1111111111111111	0.1111111111111111	0.0	0.1111111111111111	0.1111111111111111	0.0	0.0	0.0	0.0	0.0	0.0
T000171	0.1111111111111111	0.0	0.0	0.1111111111111111	0.1111111111111111	0.0	0.1111111111111111	0.0	0.0	0.4444444444444444	0.0	0.0	0.0	0.0	0.0	0.0	0.0	0.1111111111111111	0.0	0.0
T000925	0.0	0.0	0.1111111111111111	0.1111111111111111	0.2222222222222222	0.0	0.1111111111111111	0.0	0.0	0.2222222222222222	0.0	0.0	0.0	0.0	0.0	0.1111111111111111	0.1111111111111111	0.0	0.0	0.0
T000345	0.1111111111111111	0.0	0.0	0.0	0.0	0.3333333333333333	0.0	0.0	0.0	0.0	0.0	0.0	0.0	0.0	0.0	0.0	0.0	0.5555555555555556	0.0	0.0
T000389	0.0	0.0	0.0	0.0	0.0	0.0	0.0	0.1111111111111111	0.2222222222222222	0.1111111111111111	0.0	0.1111111111111111	0.1111111111111111	0.2222222222222222	0.0	0.0	0.0	0.1111111111111111	0.0	0.0
T000886	0.0	0.0	0.2222222222222222	0.0	0.0	0.2222222222222222	0.1111111111111111	0.2222222222222222	0.0	0.1111111111111111	0.0	0.0	0.0	0.0	0.0	0.0	0.0	0.1111111111111111	0.0	0.0
T000046	0.0	0.1	0.0	0.0	0.0	0.0	0.0	0.2	0.1	0.0	0.3	0.0	0.0	0.0	0.0	0.0	0.0	0.1	0.1	0.1
T000040	0.1	0.0	0.0	0.0	0.0	0.2	0.0	0.0	0.0	0.0	0.1	0.0	0.1	0.0	0.0	0.1	0.0	0.3	0.0	0.1
T000535	0.0	0.0	0.1111111111111111	0.0	0.0	0.1111111111111111	0.0	0.0	0.0	0.0	0.2222222222222222	0.0	0.0	0.1111111111111111	0.0	0.1111111111111111	0.1111111111111111	0.1111111111111111	0.0	0.1111111111111111
T000538	0.0	0.0	0.0	0.0	0.0	0.0	0.0	0.0	0.0	0.2222222222222222	0.0	0.0	0.4444444444444444	0.1111111111111111	0.1111111111111111	0.0	0.0	0.0	0.1111111111111111	0.0
T000984	0.0	0.0	0.1	0.0	0.0	0.0	0.1	0.0	0.0	0.4	0.0	0.1	0.0	0.0	0.0	0.1	0.1	0.0	0.0	0.1
T000780	0.1	0.1	0.1	0.0	0.0	0.0	0.0	0.0	0.0	0.0	0.0	0.0	0.0	0.0	0.1	0.2	0.0	0.4	0.0	0.0
T000992	0.1111111111111111	0.0	0.0	0.0	0.0	0.0	0.0	0.0	0.0	0.0	0.1111111111111111	0.0	0.2222222222222222	0.0	0.0	0.1111111111111111	0.0	0.3333333333333333	0.1111111111111111	0.0
T000726	0.0	0.2222222222222222	0.1111111111111111	0.1111111111111111	0.0	0.0	0.1111111111111111	0.1111111111111111	0.0	0.2222222222222222	0.0	0.0	0.0	0.0	0.0	0.0	0.1111111111111111	0.0	0.0	0.0
T000895	0.1111111111111111	0.0	0.0	0.0	0.0	0.0	0.1111111111111111	0.0	0.2222222222222222	0.0	0.0	0.1111111111111111	0.3333333333333333	0.0	0.0	0.0	0.1111111111111111	0.0	0.0	0.0
T000951	0.1	0.0	0.0	0.1	0.0	0.0	0.0	0.0	0.1	0.3	0.2	0.0	0.0	0.0	0.0	0.0	0.1	0.0	0.0	0.1
T000789	0.2222222222222222	0.1111111111111111	0.0	0.0	0.0	0.0	0.1111111111111111	0.0	0.0	0.3333333333333333	0.0	0.0	0.1111111111111111	0.0	0.0	0.1111111111111111	0.0	0.0	0.0	0.0
T000843	0.0	0.0	0.1	0.0	0.2	0.0	0.0	0.0	0.0	0.3	0.0	0.0	0.1	0.0	0.0	0.2	0.0	0.0	0.1	0.0
T000918	0.0	0.0	0.0	0.0	0.3333333333333333	0.0	0.0	0.0	0.0	0.2222222222222222	0.0	0.1111111111111111	0.0	0.0	0.1111111111111111	0.1111111111111111	0.0	0.1111111111111111	0.0	0.0
T000852	0.0	0.0	0.0	0.0	0.0	0.1	0.0	0.0	0.0	0.1	0.0	0.1	0.1	0.0	0.2	0.1	0.0	0.1	0.0	0.2
T001000	0.0	0.1	0.1	0.0	0.1	0.0	0.1	0.0	0.1	0.0	0.0	0.0	0.0	0.1	0.0	0.0	0.1	0.1	0.0	0.2
T000890	0.125	0.0	0.0	0.0	0.0	0.0	0.0	0.0	0.0	0.375	0.0	0.0	0.125	0.0	0.125	0.0	0.0	0.125	0.125	0.0
T000598	0.2	0.0	0.1	0.1	0.0	0.0	0.0	0.0	0.0	0.2	0.0	0.0	0.0	0.0	0.0	0.1	0.1	0.0	0.0	0.2
T000243	0.0	0.0	0.1	0.1	0.0	0.2	0.1	0.0	0.0	0.0	0.0	0.0	0.0	0.0	0.1	0.0	0.1	0.2	0.0	0.1
T000864	0.0	0.0	0.0	0.1	0.0	0.0	0.1	0.0	0.0	0.0	0.1	0.2	0.0	0.0	0.0	0.0	0.1	0.2	0.0	0.2
T000141	0.1	0.0	0.0	0.2	0.0	0.0	0.0	0.0	0.1	0.1	0.1	0.0	0.1	0.0	0.1	0.0	0.1	0.1	0.0	0.0
T000850	0.2222222222222222	0.0	0.0	0.0	0.0	0.0	0.0	0.1111111111111111	0.0	0.0	0.0	0.0	0.1111111111111111	0.2222222222222222	0.0	0.0	0.0	0.1111111111111111	0.1111111111111111	0.1111111111111111
T000888	0.0	0.0	0.0	0.1	0.0	0.1	0.0	0.0	0.0	0.1	0.0	0.0	0.1	0.0	0.1	0.0	0.0	0.3	0.1	0.1
T000870	0.1111111111111111	0.0	0.0	0.0	0.3333333333333333	0.0	0.0	0.0	0.0	0.1111111111111111	0.0	0.0	0.0	0.0	0.2222222222222222	0.0	0.1111111111111111	0.1111111111111111	0.0	0.0
T000511	0.0	0.0	0.0	0.1111111111111111	0.0	0.0	0.0	0.1111111111111111	0.0	0.2222222222222222	0.0	0.0	0.0	0.0	0.3333333333333333	0.1111111111111111	0.0	0.1111111111111111	0.0	0.0
T000949	0.0	0.0	0.1111111111111111	0.0	0.0	0.0	0.0	0.2222222222222222	0.0	0.0	0.0	0.0	0.1111111111111111	0.0	0.0	0.1111111111111111	0.1111111111111111	0.2222222222222222	0.0	0.1111111111111111
T000375	0.0	0.0	0.0	0.0	0.0	0.0	0.0	0.1111111111111111	0.4444444444444444	0.0	0.0	0.2222222222222222	0.1111111111111111	0.0	0.0	0.0	0.0	0.0	0.0	0.1111111111111111
T000702	0.0	0.0	0.1111111111111111	0.0	0.0	0.1111111111111111	0.0	0.0	0.0	0.1111111111111111	0.0	0.0	0.2222222222222222	0.1111111111111111	0.1111111111111111	0.0	0.0	0.2222222222222222	0.0	0.0
T000557	0.1111111111111111	0.0	0.0	0.0	0.1111111111111111	0.0	0.0	0.0	0.0	0.1111111111111111	0.1111111111111111	0.1111111111111111	0.2222222222222222	0.0	0.1111111111111111	0.0	0.0	0.0	0.0	0.1111111111111111
T000374	0.1111111111111111	0.0	0.0	0.1111111111111111	0.1111111111111111	0.0	0.0	0.2222222222222222	0.0	0.0	0.0	0.0	0.1111111111111111	0.1111111111111111	0.1111111111111111	0.0	0.1111111111111111	0.0	0.0	0.0
T000894	0.0	0.0	0.1111111111111111	0.0	0.0	0.0	0.0	0.2222222222222222	0.0	0.1111111111111111	0.0	0.0	0.0	0.0	0.1111111111111111	0.2222222222222222	0.1111111111111111	0.1111111111111111	0.0	0.0
T000589	0.0	0.0	0.125	0.0	0.0	0.125	0.0	0.125	0.0	0.125	0.0	0.125	0.125	0.0	0.0	0.125	0.125	0.0	0.0	0.0
T000748	0.2	0.0	0.0	0.0	0.0	0.1	0.0	0.0	0.0	0.5	0.1	0.0	0.0	0.0	0.0	0.0	0.0	0.1	0.0	0.0
T000868	0.4	0.0	0.0	0.0	0.0	0.0	0.0	0.2	0.0	0.2	0.0	0.0	0.0	0.0	0.1	0.0	0.0	0.1	0.0	0.0
T000539	0.0	0.0	0.1111111111111111	0.1111111111111111	0.2222222222222222	0.1111111111111111	0.0	0.0	0.0	0.0	0.0	0.0	0.0	0.1111111111111111	0.1111111111111111	0.0	0.1111111111111111	0.0	0.0	0.1111111111111111
T000784	0.0	0.0	0.1	0.1	0.0	0.0	0.1	0.1	0.0	0.2	0.0	0.1	0.1	0.0	0.0	0.0	0.0	0.0	0.1	0.1
T000102	0.1111111111111111	0.0	0.1111111111111111	0.0	0.0	0.1111111111111111	0.0	0.1111111111111111	0.0	0.3333333333333333	0.0	0.0	0.0	0.0	0.1111111111111111	0.0	0.0	0.1111111111111111	0.0	0.0
T000241	0.0	0.0	0.0	0.0	0.3333333333333333	0.0	0.0	0.1111111111111111	0.0	0.0	0.0	0.0	0.1111111111111111	0.1111111111111111	0.0	0.0	0.0	0.1111111111111111	0.1111111111111111	0.1111111111111111
T000560	0.0	0.1111111111111111	0.0	0.0	0.1111111111111111	0.0	0.0	0.0	0.2222222222222222	0.0	0.0	0.0	0.1111111111111111	0.1111111111111111	0.1111111111111111	0.1111111111111111	0.0	0.0	0.1111111111111111	0.0
T000371	0.0	0.0	0.0	0.18181818181818182	0.09090909090909091	0.18181818181818182	0.0	0.0	0.09090909090909091	0.09090909090909091	0.0	0.09090909090909091	0.0	0.0	0.0	0.0	0.09090909090909091	0.09090909090909091	0.0	0.09090909090909091
T000162	0.0	0.0	0.0	0.0	0.1111111111111111	0.0	0.1111111111111111	0.0	0.1111111111111111	0.4444444444444444	0.0	0.0	0.0	0.0	0.0	0.0	0.0	0.1111111111111111	0.0	0.1111111111111111
T000156	0.0	0.0	0.0	0.1111111111111111	0.1111111111111111	0.0	0.1111111111111111	0.0	0.1111111111111111	0.2222222222222222	0.1111111111111111	0.0	0.0	0.0	0.0	0.0	0.0	0.2222222222222222	0.0	0.0
T000281	0.2222222222222222	0.0	0.0	0.1111111111111111	0.0	0.0	0.0	0.0	0.0	0.0	0.1111111111111111	0.0	0.3333333333333333	0.0	0.1111111111111111	0.0	0.0	0.1111111111111111	0.0	0.0
T000034	0.1111111111111111	0.0	0.0	0.0	0.0	0.1111111111111111	0.0	0.0	0.0	0.5555555555555556	0.0	0.0	0.0	0.0	0.1111111111111111	0.0	0.0	0.0	0.1111111111111111	0.0
T000862	0.1111111111111111	0.0	0.0	0.0	0.1111111111111111	0.1111111111111111	0.0	0.0	0.0	0.5555555555555556	0.0	0.0	0.0	0.0	0.0	0.1111111111111111	0.0	0.0	0.0	0.0
T000314	0.0	0.0	0.09090909090909091	0.0	0.0	0.09090909090909091	0.0	0.18181818181818182	0.0	0.0	0.0	0.0	0.09090909090909091	0.0	0.0	0.18181818181818182	0.09090909090909091	0.09090909090909091	0.0	0.18181818181818182
T000753	0.0	0.0	0.0	0.2222222222222222	0.0	0.0	0.0	0.2222222222222222	0.0	0.2222222222222222	0.0	0.1111111111111111	0.0	0.0	0.0	0.1111111111111111	0.0	0.1111111111111111	0.0	0.0
T000704	0.16666666666666666	0.25	0.0	0.0	0.0	0.0	0.0	0.0	0.16666666666666666	0.0	0.0	0.0	0.0	0.08333333333333333	0.16666666666666666	0.0	0.08333333333333333	0.0	0.08333333333333333	0.0
T000268	0.1111111111111111	0.0	0.0	0.0	0.0	0.0	0.1111111111111111	0.1111111111111111	0.1111111111111111	0.0	0.1111111111111111	0.0	0.0	0.2222222222222222	0.0	0.1111111111111111	0.0	0.0	0.0	0.1111111111111111
T000541	0.0	0.0	0.0	0.1111111111111111	0.0	0.2222222222222222	0.0	0.0	0.3333333333333333	0.0	0.1111111111111111	0.0	0.0	0.0	0.0	0.1111111111111111	0.1111111111111111	0.0	0.0	0.0
T000802	0.1111111111111111	0.0	0.0	0.0	0.0	0.0	0.0	0.0	0.1111111111111111	0.1111111111111111	0.0	0.0	0.1111111111111111	0.1111111111111111	0.1111111111111111	0.2222222222222222	0.0	0.1111111111111111	0.0	0.0
T000954	0.2	0.1	0.0	0.1	0.0	0.1	0.0	0.0	0.0	0.2	0.2	0.0	0.0	0.0	0.0	0.0	0.0	0.0	0.0	0.1
T000601	0.0	0.0	0.0	0.1111111111111111	0.0	0.0	0.0	0.0	0.1111111111111111	0.1111111111111111	0.0	0.0	0.1111111111111111	0.1111111111111111	0.1111111111111111	0.0	0.1111111111111111	0.0	0.1111111111111111	0.1111111111111111
T000164	0.0	0.0	0.0	0.0	0.0	0.0	0.0	0.1111111111111111	0.0	0.1111111111111111	0.0	0.1111111111111111	0.0	0.0	0.1111111111111111	0.0	0.3333333333333333	0.0	0.1111111111111111	0.1111111111111111
T000989	0.0	0.1	0.0	0.0	0.1	0.1	0.0	0.1	0.3	0.2	0.0	0.0	0.0	0.0	0.0	0.0	0.1	0.0	0.0	0.0
T000007	0.0	0.0	0.0	0.2222222222222222	0.1111111111111111	0.0	0.0	0.0	0.0	0.1111111111111111	0.1111111111111111	0.0	0.0	0.0	0.1111111111111111	0.2222222222222222	0.0	0.1111111111111111	0.0	0.0
T000799	0.1111111111111111	0.0	0.0	0.0	0.0	0.0	0.0	0.0	0.2222222222222222	0.1111111111111111	0.0	0.0	0.0	0.2222222222222222	0.1111111111111111	0.2222222222222222	0.0	0.0	0.0	0.0
T000451	0.2727272727272727	0.0	0.0	0.18181818181818182	0.09090909090909091	0.0	0.0	0.0	0.0	0.09090909090909091	0.09090909090909091	0.0	0.09090909090909091	0.0	0.09090909090909091	0.0	0.09090909090909091	0.0	0.0	0.0
T000150	0.1111111111111111	0.1111111111111111	0.1111111111111111	0.3333333333333333	0.0	0.1111111111111111	0.0	0.0	0.1111111111111111	0.0	0.0	0.0	0.1111111111111111	0.0	0.0	0.0	0.0	0.0	0.0	0.0
T000654	0.0	0.0	0.0	0.0	0.1	0.0	0.2	0.0	0.0	0.1	0.0	0.0	0.2	0.0	0.0	0.2	0.0	0.1	0.0	0.1
T000774	0.0	0.0	0.0	0.1	0.0	0.1	0.0	0.1	0.0	0.1	0.0	0.1	0.0	0.1	0.2	0.0	0.0	0.1	0.0	0.1
T000611	0.2222222222222222	0.1111111111111111	0.0	0.0	0.1111111111111111	0.0	0.0	0.2222222222222222	0.0	0.2222222222222222	0.0	0.1111111111111111	0.0	0.0	0.0	0.0	0.0	0.0	0.0	0.0
T000856	0.1111111111111111	0.0	0.0	0.2222222222222222	0.1111111111111111	0.0	0.0	0.0	0.0	0.1111111111111111	0.0	0.1111111111111111	0.1111111111111111	0.0	0.0	0.0	0.1111111111111111	0.1111111111111111	0.0	0.0
T000905	0.0	0.0	0.0	0.1	0.0	0.0	0.0	0.0	0.1	0.1	0.0	0.1	0.0	0.1	0.1	0.0	0.2	0.1	0.0	0.1
T000921	0.0	0.0	0.2	0.1	0.0	0.0	0.1	0.1	0.1	0.0	0.0	0.1	0.0	0.0	0.1	0.0	0.0	0.1	0.0	0.1
T000096	0.4444444444444444	0.0	0.0	0.0	0.1111111111111111	0.0	0.0	0.0	0.0	0.2222222222222222	0.0	0.0	0.0	0.0	0.1111111111111111	0.0	0.0	0.1111111111111111	0.0	0.0
T000447	0.1111111111111111	0.0	0.0	0.1111111111111111	0.0	0.1111111111111111	0.0	0.0	0.0	0.2222222222222222	0.0	0.0	0.1111111111111111	0.0	0.2222222222222222	0.1111111111111111	0.0	0.0	0.0	0.0
T000569	0.1	0.0	0.0	0.0	0.2	0.0	0.0	0.0	0.0	0.2	0.0	0.1	0.1	0.1	0.1	0.0	0.1	0.0	0.0	0.0
T000412	0.1111111111111111	0.0	0.0	0.0	0.1111111111111111	0.0	0.1111111111111111	0.1111111111111111	0.1111111111111111	0.3333333333333333	0.0	0.0	0.0	0.0	0.0	0.0	0.0	0.0	0.1111111111111111	0.0
T000997	0.0	0.0	0.0	0.0	0.1	0.0	0.0	0.0	0.3	0.1	0.0	0.0	0.0	0.1	0.0	0.1	0.2	0.1	0.0	0.0
T000148	0.1111111111111111	0.0	0.0	0.0	0.1111111111111111	0.0	0.0	0.1111111111111111	0.1111111111111111	0.1111111111111111	0.0	0.0	0.0	0.0	0.1111111111111111	0.1111111111111111	0.1111111111111111	0.1111111111111111	0.0	0.0
T000580	0.1	0.0	0.1	0.0	0.0	0.1	0.0	0.0	0.0	0.4	0.0	0.0	0.0	0.0	0.1	0.0	0.2	0.0	0.0	0.0
T000902	0.1111111111111111	0.0	0.0	0.1111111111111111	0.1111111111111111	0.0	0.2222222222222222	0.2222222222222222	0.0	0.2222222222222222	0.0	0.0	0.0	0.0	0.0	0.0	0.0	0.0	0.0	0.0
T000673	0.0	0.0	0.0	0.1111111111111111	0.1111111111111111	0.0	0.0	0.1111111111111111	0.2222222222222222	0.1111111111111111	0.0	0.0	0.0	0.0	0.0	0.1111111111111111	0.1111111111111111	0.1111111111111111	0.0	0.0
T000834	0.0	0.0	0.0	0.1111111111111111	0.0	0.1111111111111111	0.0	0.0	0.1111111111111111	0.2222222222222222	0.0	0.0	0.0	0.0	0.2222222222222222	0.0	0.1111111111111111	0.1111111111111111	0.0	0.0
T000578	0.0	0.0	0.0	0.0	0.0	0.1111111111111111	0.0	0.0	0.1111111111111111	0.0	0.0	0.0	0.0	0.2222222222222222	0.0	0.0	0.1111111111111111	0.1111111111111111	0.2222222222222222	0.1111111111111111
T000883	0.0	0.0	0.2222222222222222	0.0	0.1111111111111111	0.0	0.0	0.0	0.0	0.1111111111111111	0.0	0.1111111111111111	0.0	0.1111111111111111	0.1111111111111111	0.0	0.0	0.1111111111111111	0.0	0.1111111111111111
T000848	0.2222222222222222	0.1111111111111111	0.0	0.0	0.0	0.0	0.0	0.0	0.0	0.3333333333333333	0.0	0.0	0.1111111111111111	0.0	0.1111111111111111	0.0	0.1111111111111111	0.0	0.0	0.0
T000107	0.1	0.0	0.1	0.1	0.0	0.1	0.0	0.0	0.0	0.1	0.0	0.0	0.0	0.1	0.1	0.0	0.0	0.2	0.1	0.0
T000117	0.0	0.0	0.1	0.0	0.2	0.0	0.1	0.0	0.0	0.1	0.0	0.0	0.0	0.0	0.0	0.0	0.0	0.2	0.1	0.2
T000567	0.1	0.0	0.0	0.1	0.0	0.1	0.1	0.0	0.0	0.1	0.2	0.0	0.0	0.0	0.0	0.0	0.2	0.1	0.0	0.0
T000029	0.1	0.0	0.0	0.0	0.0	0.0	0.1	0.1	0.0	0.1	0.0	0.1	0.0	0.2	0.1	0.0	0.0	0.2	0.0	0.0
T000289	0.2222222222222222	0.0	0.0	0.0	0.0	0.1111111111111111	0.0	0.0	0.0	0.4444444444444444	0.0	0.0	0.0	0.0	0.0	0.1111111111111111	0.0	0.1111111111111111	0.0	0.0
T000583	0.0	0.0	0.0	0.1111111111111111	0.0	0.1111111111111111	0.1111111111111111	0.0	0.0	0.1111111111111111	0.2222222222222222	0.0	0.0	0.0	0.0	0.0	0.2222222222222222	0.1111111111111111	0.0	0.0
T000140	0.2222222222222222	0.0	0.0	0.1111111111111111	0.0	0.0	0.0	0.0	0.0	0.1111111111111111	0.0	0.0	0.0	0.0	0.1111111111111111	0.1111111111111111	0.1111111111111111	0.1111111111111111	0.0	0.1111111111111111
T000355	0.0	0.1111111111111111	0.1111111111111111	0.0	0.2222222222222222	0.0	0.0	0.0	0.0	0.0	0.0	0.0	0.1111111111111111	0.0	0.0	0.2222222222222222	0.0	0.0	0.1111111111111111	0.1111111111111111
T000871	0.1	0.0	0.0	0.1	0.2	0.0	0.0	0.0	0.1	0.0	0.0	0.1	0.0	0.1	0.0	0.0	0.0	0.3	0.0	0.0
T000958	0.2222222222222222	0.0	0.1111111111111111	0.0	0.0	0.3333333333333333	0.0	0.0	0.1111111111111111	0.0	0.0	0.0	0.0	0.0	0.0	0.1111111111111111	0.0	0.1111111111111111	0.0	0.0
T000405	0.0	0.0	0.1111111111111111	0.0	0.0	0.0	0.0	0.2222222222222222	0.0	0.0	0.3333333333333333	0.1111111111111111	0.1111111111111111	0.0	0.0	0.0	0.0	0.0	0.0	0.1111111111111111
T000672	0.1111111111111111	0.0	0.0	0.1111111111111111	0.1111111111111111	0.0	0.1111111111111111	0.0	0.0	0.0	0.0	0.0	0.2222222222222222	0.0	0.1111111111111111	0.1111111111111111	0.0	0.1111111111111111	0.0	0.0
T000847	0.0	0.0	0.0	0.1111111111111111	0.0	0.0	0.0	0.2222222222222222	0.0	0.1111111111111111	0.0	0.0	0.0	0.1111111111111111	0.1111111111111111	0.2222222222222222	0.0	0.0	0.0	0.1111111111111111
T000533	0.0	0.0	0.0	0.0	0.1111111111111111	0.1111111111111111	0.1111111111111111	0.0	0.1111111111111111	0.0	0.0	0.0	0.1111111111111111	0.0	0.0	0.1111111111111111	0.0	0.2222222222222222	0.0	0.1111111111111111
T000244	0.0	0.1111111111111111	0.0	0.0	0.1111111111111111	0.0	0.0	0.1111111111111111	0.1111111111111111	0.0	0.0	0.1111111111111111	0.1111111111111111	0.0	0.1111111111111111	0.0	0.0	0.1111111111111111	0.0	0.1111111111111111
T000778	0.1111111111111111	0.0	0.0	0.0	0.2222222222222222	0.0	0.0	0.1111111111111111	0.1111111111111111	0.0	0.0	0.0	0.0	0.2222222222222222	0.0	0.1111111111111111	0.0	0.0	0.0	0.1111111111111111
T000675	0.2222222222222222	0.1111111111111111	0.0	0.0	0.0	0.0	0.0	0.1111111111111111	0.0	0.1111111111111111	0.1111111111111111	0.0	0.0	0.0	0.0	0.1111111111111111	0.0	0.2222222222222222	0.0	0.0
T000421	0.0	0.1111111111111111	0.0	0.0	0.0	0.0	0.0	0.0	0.0	0.1111111111111111	0.0	0.0	0.2222222222222222	0.0	0.1111111111111111	0.1111111111111111	0.1111111111111111	0.0	0.2222222222222222	0.0
T000576	0.0	0.0	0.1111111111111111	0.0	0.1111111111111111	0.0	0.0	0.1111111111111111	0.0	0.0	0.0	0.0	0.1111111111111111	0.1111111111111111	0.0	0.1111111111111111	0.1111111111111111	0.2222222222222222	0.0	0.0
T000116	0.0	0.0	0.1111111111111111	0.0	0.0	0.0	0.0	0.0	0.0	0.2222222222222222	0.1111111111111111	0.0	0.0	0.1111111111111111	0.0	0.2222222222222222	0.1111111111111111	0.1111111111111111	0.0	0.0
T000705	0.2222222222222222	0.0	0.0	0.0	0.0	0.0	0.0	0.0	0.0	0.3333333333333333	0.1111111111111111	0.0	0.1111111111111111	0.0	0.0	0.0	0.0	0.0	0.2222222222222222	0.0
T000963	0.25	0.0	0.0	0.125	0.0	0.0	0.0	0.0	0.0	0.125	0.0	0.0	0.125	0.125	0.125	0.0	0.0	0.125	0.0	0.0
T000418	0.1111111111111111	0.1111111111111111	0.0	0.0	0.1111111111111111	0.1111111111111111	0.0	0.0	0.0	0.1111111111111111	0.0	0.0	0.0	0.0	0.1111111111111111	0.0	0.0	0.2222222222222222	0.0	0.1111111111111111
T000384	0.0	0.0	0.0	0.1111111111111111	0.2222222222222222	0.0	0.0	0.2222222222222222	0.1111111111111111	0.0	0.1111111111111111	0.1111111111111111	0.0	0.0	0.0	0.0	0.0	0.0	0.0	0.1111111111111111
T000326	0.1111111111111111	0.0	0.0	0.1111111111111111	0.1111111111111111	0.0	0.0	0.1111111111111111	0.2222222222222222	0.0	0.0	0.0	0.0	0.0	0.0	0.1111111111111111	0.0	0.1111111111111111	0.0	0.1111111111111111
T000381	0.2222222222222222	0.0	0.0	0.0	0.0	0.0	0.0	0.0	0.2222222222222222	0.1111111111111111	0.0	0.0	0.1111111111111111	0.1111111111111111	0.0	0.0	0.1111111111111111	0.0	0.0	0.1111111111111111
T000448	0.2	0.0	0.0	0.0	0.0	0.4	0.0	0.0	0.0	0.0	0.0	0.0	0.2	0.0	0.1	0.1	0.0	0.0	0.0	0.0
T000350	0.0	0.0	0.2222222222222222	0.0	0.0	0.1111111111111111	0.0	0.0	0.0	0.4444444444444444	0.0	0.0	0.0	0.0	0.0	0.0	0.0	0.2222222222222222	0.0	0.0
T000880	0.1111111111111111	0.0	0.1111111111111111	0.0	0.0	0.0	0.0	0.1111111111111111	0.1111111111111111	0.0	0.1111111111111111	0.0	0.0	0.3333333333333333	0.0	0.0	0.0	0.1111111111111111	0.0	0.0
T000134	0.1	0.0	0.1	0.1	0.0	0.1	0.1	0.0	0.1	0.0	0.0	0.0	0.1	0.0	0.0	0.1	0.1	0.0	0.0	0.1
T000563	0.0	0.0	0.1111111111111111	0.0	0.1111111111111111	0.0	0.0	0.1111111111111111	0.1111111111111111	0.1111111111111111	0.0	0.0	0.1111111111111111	0.1111111111111111	0.1111111111111111	0.0	0.0	0.0	0.0	0.1111111111111111
T000594	0.0	0.0	0.0	0.0	0.1	0.1	0.0	0.0	0.0	0.1	0.0	0.0	0.0	0.0	0.1	0.2	0.0	0.2	0.0	0.2
T000450	0.2222222222222222	0.0	0.0	0.2222222222222222	0.1111111111111111	0.0	0.0	0.0	0.0	0.1111111111111111	0.1111111111111111	0.0	0.1111111111111111	0.0	0.0	0.0	0.1111111111111111	0.0	0.0	0.0
T000602	0.1111111111111111	0.1111111111111111	0.1111111111111111	0.2222222222222222	0.1111111111111111	0.0	0.0	0.1111111111111111	0.1111111111111111	0.1111111111111111	0.0	0.0	0.0	0.0	0.0	0.0	0.0	0.0	0.0	0.0
T000254	0.1111111111111111	0.0	0.0	0.0	0.0	0.1111111111111111	0.0	0.0	0.0	0.1111111111111111	0.1111111111111111	0.0	0.0	0.0	0.0	0.1111111111111111	0.0	0.3333333333333333	0.0	0.1111111111111111
T000622	0.1111111111111111	0.0	0.1111111111111111	0.0	0.0	0.0	0.1111111111111111	0.0	0.1111111111111111	0.2222222222222222	0.1111111111111111	0.0	0.0	0.0	0.0	0.1111111111111111	0.0	0.1111111111111111	0.0	0.0
T000797	0.1111111111111111	0.0	0.0	0.0	0.1111111111111111	0.1111111111111111	0.0	0.0	0.2222222222222222	0.1111111111111111	0.0	0.0	0.0	0.1111111111111111	0.0	0.2222222222222222	0.0	0.0	0.0	0.0
T000869	0.1	0.0	0.2	0.0	0.0	0.1	0.0	0.0	0.0	0.1	0.0	0.1	0.0	0.0	0.1	0.1	0.0	0.2	0.0	0.0
T000263	0.0	0.0	0.0	0.1111111111111111	0.0	0.0	0.0	0.1111111111111111	0.3333333333333333	0.1111111111111111	0.0	0.0	0.0	0.0	0.0	0.2222222222222222	0.0	0.1111111111111111	0.0	0.0
T000202	0.1111111111111111	0.0	0.0	0.1111111111111111	0.1111111111111111	0.0	0.1111111111111111	0.0	0.1111111111111111	0.2222222222222222	0.0	0.0	0.0	0.0	0.0	0.0	0.0	0.2222222222222222	0.0	0.0
T000743	0.1	0.2	0.0	0.0	0.0	0.0	0.0	0.0	0.1	0.2	0.0	0.0	0.0	0.1	0.0	0.1	0.0	0.1	0.0	0.1
T000072	0.0	0.0	0.0	0.0	0.0	0.0	0.1111111111111111	0.1111111111111111	0.0	0.1111111111111111	0.0	0.0	0.1111111111111111	0.3333333333333333	0.0	0.0	0.1111111111111111	0.1111111111111111	0.0	0.0
T000681	0.0	0.0	0.0	0.0	0.09090909090909091	0.09090909090909091	0.09090909090909091	0.0	0.09090909090909091	0.09090909090909091	0.09090909090909091	0.0	0.0	0.2727272727272727	0.0	0.0	0.09090909090909091	0.09090909090909091	0.0	0.0
T000309	0.1	0.1	0.1	0.1	0.1	0.0	0.0	0.0	0.0	0.2	0.0	0.0	0.0	0.0	0.0	0.2	0.0	0.1	0.0	0.0
T000528	0.0	0.0	0.0	0.0	0.0	0.1	0.1	0.1	0.0	0.0	0.0	0.1	0.0	0.0	0.1	0.1	0.2	0.1	0.0	0.1
T000402	0.1	0.0	0.0	0.0	0.0	0.0	0.0	0.0	0.0	0.3	0.2	0.1	0.0	0.1	0.0	0.0	0.2	0.0	0.0	0.0
T000509	0.18181818181818182	0.0	0.0	0.09090909090909091	0.09090909090909091	0.0	0.0	0.0	0.0	0.09090909090909091	0.18181818181818182	0.0	0.18181818181818182	0.0	0.0	0.0	0.09090909090909091	0.0	0.0	0.09090909090909091
T000123	0.0	0.0	0.0	0.0	0.2222222222222222	0.1111111111111111	0.0	0.2222222222222222	0.0	0.2222222222222222	0.0	0.0	0.1111111111111111	0.0	0.0	0.0	0.0	0.0	0.1111111111111111	0.0
T000690	0.0	0.0	0.1111111111111111	0.1111111111111111	0.0	0.0	0.1111111111111111	0.0	0.0	0.1111111111111111	0.0	0.0	0.1111111111111111	0.0	0.0	0.0	0.1111111111111111	0.2222222222222222	0.1111111111111111	0.0
T000257	0.0	0.0	0.0	0.0	0.0	0.1111111111111111	0.1111111111111111	0.2222222222222222	0.0	0.2222222222222222	0.0	0.0	0.0	0.0	0.1111111111111111	0.0	0.0	0.1111111111111111	0.0	0.1111111111111111
T000751	0.3	0.0	0.0	0.0	0.0	0.0	0.0	0.1	0.0	0.5	0.0	0.0	0.1	0.0	0.0	0.0	0.0	0.0	0.0	0.0
T000002	0.1111111111111111	0.0	0.0	0.0	0.0	0.0	0.3333333333333333	0.1111111111111111	0.0	0.2222222222222222	0.0	0.1111111111111111	0.0	0.0	0.0	0.0	0.1111111111111111	0.0	0.0	0.0
T000786	0.0	0.0	0.0	0.0	0.0	0.1111111111111111	0.0	0.0	0.1111111111111111	0.0	0.1111111111111111	0.1111111111111111	0.1111111111111111	0.0	0.0	0.2222222222222222	0.1111111111111111	0.1111111111111111	0.0	0.0
T000980	0.1111111111111111	0.0	0.1111111111111111	0.0	0.0	0.1111111111111111	0.0	0.0	0.0	0.3333333333333333	0.0	0.1111111111111111	0.0	0.0	0.0	0.1111111111111111	0.0	0.0	0.0	0.1111111111111111
T000988	0.0	0.1111111111111111	0.0	0.0	0.1111111111111111	0.1111111111111111	0.0	0.1111111111111111	0.2222222222222222	0.2222222222222222	0.0	0.0	0.0	0.0	0.0	0.0	0.1111111111111111	0.0	0.0	0.0
T000545	0.1111111111111111	0.0	0.1111111111111111	0.1111111111111111	0.1111111111111111	0.0	0.0	0.2222222222222222	0.1111111111111111	0.0	0.1111111111111111	0.0	0.0	0.0	0.0	0.0	0.0	0.0	0.0	0.1111111111111111
T000125	0.1111111111111111	0.0	0.1111111111111111	0.1111111111111111	0.0	0.1111111111111111	0.1111111111111111	0.0	0.0	0.0	0.0	0.0	0.1111111111111111	0.0	0.0	0.1111111111111111	0.1111111111111111	0.0	0.0	0.1111111111111111
T000912	0.0	0.0	0.1111111111111111	0.0	0.0	0.0	0.0	0.0	0.1111111111111111	0.2222222222222222	0.1111111111111111	0.0	0.0	0.0	0.0	0.0	0.1111111111111111	0.1111111111111111	0.0	0.2222222222222222
T000645	0.2222222222222222	0.1111111111111111	0.0	0.0	0.0	0.0	0.0	0.2222222222222222	0.0	0.2222222222222222	0.1111111111111111	0.0	0.0	0.0	0.0	0.0	0.0	0.1111111111111111	0.0	0.0
T000549	0.1111111111111111	0.0	0.0	0.0	0.0	0.1111111111111111	0.0	0.1111111111111111	0.1111111111111111	0.0	0.0	0.0	0.2222222222222222	0.0	0.0	0.1111111111111111	0.0	0.1111111111111111	0.1111111111111111	0.0
T000682	0.0	0.0	0.0	0.0	0.1111111111111111	0.1111111111111111	0.1111111111111111	0.0	0.1111111111111111	0.1111111111111111	0.0	0.0	0.0	0.3333333333333333	0.0	0.0	0.0	0.1111111111111111	0.0	0.0
T000095	0.0	0.1	0.0	0.0	0.0	0.1	0.0	0.0	0.0	0.2	0.1	0.0	0.0	0.2	0.1	0.0	0.0	0.0	0.2	0.0
T000192	0.09090909090909091	0.0	0.0	0.0	0.0	0.09090909090909091	0.0	0.2727272727272727	0.09090909090909091	0.18181818181818182	0.09090909090909091	0.0	0.09090909090909091	0.0	0.0	0.0	0.0	0.09090909090909091	0.0	0.0
T000908	0.1	0.0	0.0	0.0	0.0	0.0	0.0	0.0	0.1	0.2	0.0	0.1	0.0	0.0	0.2	0.0	0.0	0.2	0.0	0.1
T000282	0.0	0.0	0.0	0.0	0.0	0.1111111111111111	0.0	0.0	0.1111111111111111	0.0	0.0	0.0	0.0	0.2222222222222222	0.0	0.2222222222222222	0.1111111111111111	0.0	0.0	0.2222222222222222
T000115	0.0	0.0	0.1111111111111111	0.0	0.2222222222222222	0.0	0.0	0.0	0.0	0.1111111111111111	0.0	0.0	0.0	0.0	0.0	0.1111111111111111	0.0	0.2222222222222222	0.1111111111111111	0.1111111111111111
T000924	0.1111111111111111	0.0	0.1111111111111111	0.0	0.0	0.1111111111111111	0.0	0.0	0.1111111111111111	0.1111111111111111	0.0	0.2222222222222222	0.0	0.0	0.0	0.0	0.1111111111111111	0.0	0.0	0.1111111111111111
T000861	0.2222222222222222	0.0	0.0	0.0	0.0	0.0	0.0	0.0	0.0	0.4444444444444444	0.0	0.0	0.0	0.0	0.2222222222222222	0.0	0.0	0.1111111111111111	0.0	0.0
T000761	0.0	0.1111111111111111	0.0	0.0	0.1111111111111111	0.0	0.0	0.0	0.0	0.1111111111111111	0.0	0.1111111111111111	0.2222222222222222	0.0	0.2222222222222222	0.0	0.0	0.0	0.0	0.1111111111111111
T000952	0.1111111111111111	0.2222222222222222	0.0	0.1111111111111111	0.0	0.1111111111111111	0.0	0.0	0.0	0.2222222222222222	0.1111111111111111	0.0	0.0	0.0	0.0	0.0	0.0	0.0	0.0	0.1111111111111111
T000401	0.0	0.0	0.0	0.0	0.0	0.0	0.1111111111111111	0.1111111111111111	0.1111111111111111	0.1111111111111111	0.0	0.0	0.1111111111111111	0.0	0.0	0.1111111111111111	0.0	0.2222222222222222	0.1111111111111111	0.0
T000820	0.0	0.0	0.0	0.0	0.2222222222222222	0.1111111111111111	0.0	0.0	0.0	0.3333333333333333	0.0	0.0	0.0	0.0	0.0	0.1111111111111111	0.0	0.1111111111111111	0.1111111111111111	0.0
T000436	0.0	0.0	0.0	0.0	0.0	0.0	0.0	0.0	0.0	0.4444444444444444	0.0	0.2222222222222222	0.0	0.2222222222222222	0.0	0.0	0.0	0.1111111111111111	0.0	0.0
T000906	0.0	0.0	0.1	0.0	0.0	0.0	0.0	0.0	0.3	0.2	0.1	0.0	0.0	0.0	0.0	0.0	0.2	0.0	0.0	0.1
T000646	0.0	0.1	0.0	0.0	0.1	0.0	0.0	0.0	0.2	0.2	0.0	0.0	0.1	0.1	0.0	0.0	0.1	0.1	0.0	0.0
T000831	0.1111111111111111	0.0	0.2222222222222222	0.0	0.0	0.0	0.0	0.0	0.0	0.1111111111111111	0.0	0.0	0.1111111111111111	0.0	0.0	0.2222222222222222	0.0	0.1111111111111111	0.1111111111111111	0.0
T000854	0.0	0.0	0.0	0.0	0.0	0.2222222222222222	0.0	0.2222222222222222	0.0	0.4444444444444444	0.0	0.0	0.0	0.0	0.0	0.0	0.0	0.1111111111111111	0.0	0.0
T000678	0.0	0.0	0.1111111111111111	0.1111111111111111	0.0	0.0	0.0	0.1111111111111111	0.1111111111111111	0.2222222222222222	0.0	0.0	0.0	0.0	0.0	0.2222222222222222	0.0	0.0	0.0	0.1111111111111111
T000735	0.0	0.1	0.3	0.0	0.0	0.0	0.0	0.0	0.0	0.0	0.0	0.0	0.0	0.1	0.0	0.1	0.0	0.2	0.0	0.2
T000434	0.1111111111111111	0.0	0.0	0.0	0.0	0.0	0.1111111111111111	0.0	0.0	0.0	0.0	0.1111111111111111	0.2222222222222222	0.0	0.0	0.1111111111111111	0.1111111111111111	0.2222222222222222	0.0	0.0
T000752	0.0	0.0	0.0	0.1111111111111111	0.0	0.0	0.0	0.1111111111111111	0.1111111111111111	0.4444444444444444	0.1111111111111111	0.0	0.0	0.0	0.0	0.1111111111111111	0.0	0.0	0.0	0.0
T000067	0.0	0.0	0.0	0.0	0.0	0.2222222222222222	0.0	0.2222222222222222	0.0	0.1111111111111111	0.1111111111111111	0.0	0.0	0.0	0.0	0.0	0.0	0.3333333333333333	0.0	0.0
T000990	0.1111111111111111	0.0	0.1111111111111111	0.0	0.1111111111111111	0.2222222222222222	0.0	0.1111111111111111	0.0	0.2222222222222222	0.0	0.0	0.0	0.0	0.0	0.0	0.0	0.0	0.0	0.1111111111111111
T000354	0.0	0.0	0.1111111111111111	0.0	0.1111111111111111	0.1111111111111111	0.1111111111111111	0.1111111111111111	0.0	0.1111111111111111	0.0	0.0	0.0	0.0	0.0	0.2222222222222222	0.0	0.0	0.0	0.1111111111111111
T000765	0.0	0.0	0.2	0.1	0.1	0.0	0.0	0.0	0.0	0.2	0.0	0.0	0.0	0.0	0.1	0.1	0.0	0.1	0.0	0.1
T000595	0.0	0.1	0.1	0.0	0.0	0.0	0.0	0.0	0.0	0.2	0.0	0.0	0.1	0.0	0.1	0.0	0.0	0.2	0.0	0.2
T000636	0.0	0.0	0.0	0.0	0.0	0.2222222222222222	0.0	0.3333333333333333	0.0	0.2222222222222222	0.0	0.0	0.0	0.0	0.0	0.0	0.1111111111111111	0.1111111111111111	0.0	0.0
T000829	0.0	0.0	0.0	0.0	0.2222222222222222	0.1111111111111111	0.0	0.0	0.1111111111111111	0.1111111111111111	0.1111111111111111	0.1111111111111111	0.0	0.1111111111111111	0.0	0.0	0.0	0.1111111111111111	0.0	0.0
T000730	0.0	0.0	0.0	0.1111111111111111	0.0	0.0	0.0	0.0	0.0	0.2222222222222222	0.0	0.1111111111111111	0.0	0.1111111111111111	0.0	0.0	0.1111111111111111	0.3333333333333333	0.0	0.0
T000606	0.0	0.1	0.2	0.0	0.0	0.0	0.0	0.1	0.0	0.3	0.0	0.0	0.0	0.0	0.0	0.2	0.0	0.0	0.0	0.1
T000542	0.1111111111111111	0.0	0.1111111111111111	0.0	0.1111111111111111	0.0	0.0	0.0	0.0	0.2222222222222222	0.0	0.1111111111111111	0.0	0.0	0.0	0.0	0.0	0.0	0.0	0.3333333333333333
T000163	0.0	0.0	0.0	0.2222222222222222	0.0	0.0	0.0	0.0	0.0	0.2222222222222222	0.0	0.1111111111111111	0.0	0.1111111111111111	0.0	0.0	0.0	0.1111111111111111	0.0	0.2222222222222222
T000369	0.1111111111111111	0.0	0.0	0.1111111111111111	0.0	0.0	0.0	0.2222222222222222	0.0	0.0	0.0	0.1111111111111111	0.1111111111111111	0.1111111111111111	0.0	0.0	0.1111111111111111	0.0	0.1111111111111111	0.0
T000053	0.1	0.0	0.0	0.0	0.1	0.0	0.0	0.0	0.0	0.2	0.0	0.0	0.3	0.1	0.0	0.0	0.1	0.0	0.1	0.0
T000045	0.0	0.1	0.0	0.0	0.2	0.1	0.0	0.0	0.0	0.1	0.0	0.0	0.1	0.2	0.0	0.0	0.0	0.1	0.0	0.1
T000572	0.2222222222222222	0.0	0.0	0.0	0.0	0.1111111111111111	0.1111111111111111	0.1111111111111111	0.0	0.3333333333333333	0.0	0.0	0.0	0.0	0.0	0.0	0.0	0.1111111111111111	0.0	0.0
T000305	0.1111111111111111	0.1111111111111111	0.0	0.0	0.0	0.0	0.0	0.0	0.0	0.4444444444444444	0.1111111111111111	0.0	0.0	0.0	0.0	0.0	0.0	0.1111111111111111	0.0	0.1111111111111111
T000323	0.1111111111111111	0.0	0.1111111111111111	0.0	0.0	0.0	0.1111111111111111	0.2222222222222222	0.0	0.1111111111111111	0.0	0.0	0.0	0.0	0.0	0.0	0.1111111111111111	0.1111111111111111	0.0	0.1111111111111111
T000278	0.0	0.1111111111111111	0.0	0.0	0.0	0.0	0.0	0.0	0.1111111111111111	0.1111111111111111	0.0	0.0	0.1111111111111111	0.1111111111111111	0.0	0.0	0.1111111111111111	0.2222222222222222	0.1111111111111111	0.0
T000100	0.0	0.0	0.0	0.1111111111111111	0.0	0.2222222222222222	0.0	0.1111111111111111	0.0	0.2222222222222222	0.0	0.0	0.0	0.1111111111111111	0.0	0.0	0.0	0.2222222222222222	0.0	0.0
T000145	0.1111111111111111	0.0	0.0	0.0	0.2222222222222222	0.0	0.0	0.1111111111111111	0.0	0.0	0.0	0.1111111111111111	0.1111111111111111	0.0	0.0	0.1111111111111111	0.2222222222222222	0.0	0.0	0.0
T000456	0.2222222222222222	0.0	0.0	0.0	0.1111111111111111	0.0	0.0	0.0	0.0	0.1111111111111111	0.2222222222222222	0.0	0.2222222222222222	0.0	0.0	0.0	0.1111111111111111	0.0	0.0	0.0
T000833	0.0	0.1111111111111111	0.0	0.1111111111111111	0.0	0.0	0.0	0.0	0.0	0.3333333333333333	0.1111111111111111	0.0	0.1111111111111111	0.1111111111111111	0.0	0.0	0.0	0.0	0.0	0.1111111111111111
T000607	0.2222222222222222	0.0	0.0	0.0	0.0	0.0	0.0	0.0	0.0	0.4444444444444444	0.2222222222222222	0.0	0.0	0.0	0.0	0.0	0.0	0.1111111111111111	0.0	0.0
T000410	0.1111111111111111	0.0	0.0	0.1111111111111111	0.0	0.0	0.1111111111111111	0.0	0.0	0.3333333333333333	0.0	0.0	0.0	0.1111111111111111	0.1111111111111111	0.0	0.0	0.0	0.0	0.1111111111111111
T000899	0.1111111111111111	0.0	0.0	0.1111111111111111	0.1111111111111111	0.1111111111111111	0.0	0.0	0.0	0.1111111111111111	0.0	0.0	0.0	0.0	0.2222222222222222	0.0	0.0	0.1111111111111111	0.1111111111111111	0.0
T000709	0.0	0.0	0.0	0.1111111111111111	0.1111111111111111	0.0	0.0	0.0	0.0	0.3333333333333333	0.0	0.0	0.0	0.0	0.1111111111111111	0.0	0.1111111111111111	0.1111111111111111	0.0	0.1111111111111111
T000937	0.1	0.0	0.0	0.0	0.2	0.0	0.0	0.1	0.0	0.2	0.0	0.1	0.0	0.0	0.0	0.1	0.1	0.0	0.0	0.1
T000809	0.1111111111111111	0.1111111111111111	0.0	0.1111111111111111	0.0	0.1111111111111111	0.0	0.2222222222222222	0.0	0.1111111111111111	0.1111111111111111	0.0	0.0	0.0	0.1111111111111111	0.0	0.0	0.0	0.0	0.0
T000734	0.2222222222222222	0.0	0.0	0.0	0.0	0.1111111111111111	0.0	0.0	0.0	0.3333333333333333	0.0	0.0	0.1111111111111111	0.1111111111111111	0.0	0.0	0.1111111111111111	0.0	0.0	0.0
T000120	0.0	0.0	0.0	0.0	0.0	0.0	0.0	0.0	0.0	0.0	0.0	0.0	0.25	0.0	0.5	0.0	0.0	0.0	0.0	0.25
T000550	0.1	0.0	0.0	0.0	0.0	0.1	0.0	0.1	0.1	0.0	0.0	0.0	0.2	0.0	0.0	0.2	0.0	0.1	0.1	0.0
T000417	0.1111111111111111	0.0	0.0	0.1111111111111111	0.1111111111111111	0.0	0.1111111111111111	0.0	0.1111111111111111	0.1111111111111111	0.0	0.0	0.0	0.0	0.0	0.0	0.1111111111111111	0.1111111111111111	0.0	0.1111111111111111
T000928	0.0	0.0	0.0	0.0	0.0	0.0	0.0	0.0	0.0	0.1111111111111111	0.0	0.0	0.1111111111111111	0.0	0.4444444444444444	0.1111111111111111	0.0	0.1111111111111111	0.0	0.1111111111111111
T000366	0.1111111111111111	0.0	0.1111111111111111	0.0	0.0	0.0	0.0	0.0	0.0	0.4444444444444444	0.0	0.0	0.1111111111111111	0.0	0.0	0.1111111111111111	0.0	0.1111111111111111	0.0	0.0
T000490	0.0	0.0	0.0	0.0	0.0	0.0	0.0	0.1111111111111111	0.0	0.3333333333333333	0.1111111111111111	0.0	0.0	0.1111111111111111	0.0	0.1111111111111111	0.1111111111111111	0.0	0.1111111111111111	0.0
T000532	0.0	0.0	0.0	0.0	0.0	0.0	0.0	0.1	0.0	0.0	0.0	0.2	0.1	0.0	0.2	0.3	0.1	0.0	0.0	0.0
T000600	0.0	0.0	0.1111111111111111	0.0	0.2222222222222222	0.0	0.1111111111111111	0.0	0.0	0.2222222222222222	0.0	0.0	0.1111111111111111	0.0	0.0	0.0	0.0	0.1111111111111111	0.0	0.1111111111111111
T000933	0.0	0.1	0.0	0.1	0.0	0.1	0.0	0.1	0.0	0.1	0.0	0.1	0.2	0.0	0.1	0.0	0.0	0.0	0.0	0.1
T000111	0.0	0.0	0.0	0.0	0.0	0.2222222222222222	0.0	0.0	0.0	0.2222222222222222	0.0	0.0	0.2222222222222222	0.0	0.2222222222222222	0.0	0.0	0.0	0.0	0.1111111111111111
T000609	0.0	0.0	0.0	0.0	0.0	0.0	0.0	0.1111111111111111	0.1111111111111111	0.0	0.0	0.1111111111111111	0.1111111111111111	0.1111111111111111	0.0	0.1111111111111111	0.2222222222222222	0.1111111111111111	0.0	0.0
T000885	0.0	0.0	0.1111111111111111	0.0	0.0	0.1111111111111111	0.0	0.0	0.1111111111111111	0.1111111111111111	0.1111111111111111	0.0	0.0	0.0	0.0	0.1111111111111111	0.1111111111111111	0.1111111111111111	0.0	0.1111111111111111
T000363	0.09090909090909091	0.09090909090909091	0.09090909090909091	0.0	0.09090909090909091	0.09090909090909091	0.18181818181818182	0.0	0.09090909090909091	0.0	0.0	0.0	0.09090909090909091	0.0	0.0	0.09090909090909091	0.0	0.09090909090909091	0.0	0.0
T000387	0.1111111111111111	0.0	0.0	0.1111111111111111	0.0	0.0	0.0	0.1111111111111111	0.1111111111111111	0.1111111111111111	0.0	0.0	0.0	0.2222222222222222	0.0	0.1111111111111111	0.0	0.0	0.0	0.1111111111111111
T000320	0.0	0.0	0.0	0.0	0.0	0.1111111111111111	0.0	0.0	0.0	0.0	0.2222222222222222	0.1111111111111111	0.0	0.1111111111111111	0.0	0.1111111111111111	0.1111111111111111	0.1111111111111111	0.0	0.1111111111111111
T000832	0.0	0.0	0.0	0.2222222222222222	0.0	0.1111111111111111	0.0	0.1111111111111111	0.1111111111111111	0.2222222222222222	0.0	0.0	0.0	0.0	0.1111111111111111	0.0	0.0	0.1111111111111111	0.0	0.0
T000917	0.0	0.0	0.0	0.0	0.2222222222222222	0.0	0.0	0.0	0.0	0.3333333333333333	0.1111111111111111	0.1111111111111111	0.0	0.0	0.1111111111111111	0.1111111111111111	0.0	0.0	0.0	0.0
T000927	0.0	0.0	0.0	0.2222222222222222	0.0	0.0	0.0	0.0	0.0	0.1111111111111111	0.0	0.1111111111111111	0.3333333333333333	0.1111111111111111	0.0	0.0	0.0	0.1111111111111111	0.0	0.0
T000860	0.2222222222222222	0.0	0.1111111111111111	0.0	0.1111111111111111	0.0	0.0	0.0	0.0	0.2222222222222222	0.0	0.0	0.2222222222222222	0.0	0.0	0.1111111111111111	0.0	0.0	0.0	0.0
T000269	0.1111111111111111	0.2222222222222222	0.0	0.0	0.0	0.0	0.0	0.0	0.1111111111111111	0.1111111111111111	0.0	0.0	0.1111111111111111	0.1111111111111111	0.0	0.0	0.1111111111111111	0.1111111111111111	0.0	0.0
T000513	0.2222222222222222	0.0	0.0	0.0	0.0	0.1111111111111111	0.0	0.0	0.0	0.0	0.1111111111111111	0.0	0.1111111111111111	0.0	0.2222222222222222	0.0	0.0	0.2222222222222222	0.0	0.0
T000764	0.0	0.0	0.0	0.0	0.1111111111111111	0.0	0.0	0.0	0.1111111111111111	0.2222222222222222	0.0	0.0	0.2222222222222222	0.0	0.0	0.1111111111111111	0.1111111111111111	0.1111111111111111	0.0	0.0
T000432	0.2222222222222222	0.0	0.0	0.0	0.0	0.1111111111111111	0.1111111111111111	0.0	0.0	0.0	0.0	0.0	0.2222222222222222	0.0	0.0	0.1111111111111111	0.1111111111111111	0.1111111111111111	0.0	0.0
T000553	0.0	0.1111111111111111	0.0	0.0	0.0	0.0	0.0	0.0	0.0	0.1111111111111111	0.2222222222222222	0.2222222222222222	0.0	0.1111111111111111	0.0	0.0	0.1111111111111111	0.0	0.1111111111111111	0.0
T000781	0.0	0.0	0.1111111111111111	0.1111111111111111	0.1111111111111111	0.2222222222222222	0.0	0.0	0.0	0.1111111111111111	0.0	0.0	0.0	0.0	0.0	0.0	0.1111111111111111	0.1111111111111111	0.0	0.1111111111111111
T000474	0.2222222222222222	0.0	0.0	0.1111111111111111	0.1111111111111111	0.0	0.0	0.0	0.0	0.0	0.2222222222222222	0.0	0.2222222222222222	0.0	0.0	0.0	0.1111111111111111	0.0	0.0	0.0
T000841	0.1111111111111111	0.0	0.0	0.0	0.0	0.0	0.0	0.0	0.0	0.1111111111111111	0.0	0.0	0.3333333333333333	0.0	0.0	0.1111111111111111	0.0	0.3333333333333333	0.0	0.0
T000679	0.0	0.1	0.0	0.3	0.1	0.0	0.0	0.0	0.2	0.1	0.0	0.0	0.0	0.0	0.0	0.1	0.0	0.0	0.0	0.1
T000706	0.2	0.0	0.0	0.0	0.0	0.0	0.0	0.0	0.0	0.3	0.1	0.0	0.1	0.0	0.0	0.0	0.1	0.0	0.2	0.0
T000683	0.0	0.0	0.2222222222222222	0.2222222222222222	0.0	0.0	0.0	0.1111111111111111	0.1111111111111111	0.1111111111111111	0.0	0.0	0.0	0.0	0.0	0.2222222222222222	0.0	0.0	0.0	0.0
T000981	0.1111111111111111	0.0	0.1111111111111111	0.1111111111111111	0.0	0.1111111111111111	0.1111111111111111	0.1111111111111111	0.0	0.1111111111111111	0.0	0.0	0.1111111111111111	0.0	0.0	0.0	0.0	0.0	0.0	0.1111111111111111
T000846	0.1111111111111111	0.0	0.0	0.1111111111111111	0.0	0.0	0.0	0.0	0.0	0.4444444444444444	0.0	0.0	0.1111111111111111	0.0	0.0	0.0	0.0	0.2222222222222222	0.0	0.0
T000197	0.0	0.0	0.0	0.2222222222222222	0.0	0.0	0.0	0.1111111111111111	0.1111111111111111	0.2222222222222222	0.0	0.0	0.0	0.0	0.0	0.1111111111111111	0.0	0.1111111111111111	0.1111111111111111	0.0
T000522	0.0	0.0	0.0	0.0	0.1111111111111111	0.1111111111111111	0.0	0.0	0.3333333333333333	0.0	0.0	0.1111111111111111	0.0	0.0	0.1111111111111111	0.0	0.0	0.2222222222222222	0.0	0.0
T000904	0.1111111111111111	0.0	0.0	0.1111111111111111	0.0	0.0	0.1111111111111111	0.0	0.0	0.2222222222222222	0.0	0.0	0.0	0.1111111111111111	0.1111111111111111	0.1111111111111111	0.0	0.1111111111111111	0.0	0.0
T000547	0.2222222222222222	0.0	0.0	0.1111111111111111	0.0	0.0	0.0	0.1111111111111111	0.0	0.1111111111111111	0.0	0.0	0.0	0.1111111111111111	0.1111111111111111	0.0	0.0	0.0	0.0	0.2222222222222222
T000893	0.1111111111111111	0.1111111111111111	0.0	0.0	0.0	0.1111111111111111	0.0	0.0	0.0	0.2222222222222222	0.0	0.0	0.0	0.2222222222222222	0.0	0.1111111111111111	0.0	0.0	0.0	0.1111111111111111
T000390	0.0	0.0	0.0	0.1111111111111111	0.1111111111111111	0.0	0.0	0.0	0.0	0.1111111111111111	0.0	0.0	0.3333333333333333	0.1111111111111111	0.0	0.0	0.0	0.2222222222222222	0.0	0.0
T000406	0.1111111111111111	0.0	0.0	0.0	0.2222222222222222	0.2222222222222222	0.0	0.1111111111111111	0.0	0.1111111111111111	0.0	0.0	0.0	0.0	0.0	0.0	0.0	0.2222222222222222	0.0	0.0
T000003	0.0	0.1111111111111111	0.0	0.0	0.0	0.0	0.0	0.0	0.0	0.2222222222222222	0.0	0.0	0.0	0.1111111111111111	0.0	0.1111111111111111	0.2222222222222222	0.2222222222222222	0.0	0.0
T000779	0.1	0.0	0.0	0.0	0.3	0.0	0.0	0.1	0.1	0.0	0.0	0.0	0.0	0.2	0.0	0.1	0.0	0.0	0.0	0.1
T000858	0.1111111111111111	0.0	0.0	0.0	0.1111111111111111	0.1111111111111111	0.0	0.0	0.0	0.2222222222222222	0.0	0.1111111111111111	0.0	0.1111111111111111	0.0	0.0	0.1111111111111111	0.1111111111111111	0.0	0.0
T000491	0.0	0.07692307692307693	0.0	0.0	0.07692307692307693	0.0	0.0	0.07692307692307693	0.0	0.3076923076923077	0.07692307692307693	0.0	0.0	0.15384615384615385	0.0	0.07692307692307693	0.07692307692307693	0.0	0.07692307692307693	0.0
T000878	0.1111111111111111	0.0	0.1111111111111111	0.0	0.1111111111111111	0.1111111111111111	0.0	0.1111111111111111	0.0	0.3333333333333333	0.0	0.1111111111111111	0.0	0.0	0.0	0.0	0.0	0.0	0.0	0.0
T000959	0.2	0.0	0.1	0.0	0.0	0.3	0.0	0.0	0.1	0.1	0.0	0.0	0.0	0.0	0.0	0.1	0.0	0.1	0.0	0.0
T000999	0.0	0.1111111111111111	0.1111111111111111	0.0	0.1111111111111111	0.0	0.1111111111111111	0.0	0.0	0.0	0.0	0.0	0.0	0.1111111111111111	0.0	0.0	0.1111111111111111	0.1111111111111111	0.0	0.2222222222222222
T000385	0.0	0.0	0.0	0.0	0.1	0.1	0.0	0.0	0.0	0.3	0.0	0.2	0.1	0.0	0.1	0.1	0.0	0.0	0.0	0.0
T000688	0.1	0.0	0.0	0.1	0.0	0.1	0.1	0.1	0.0	0.2	0.0	0.0	0.0	0.0	0.0	0.1	0.0	0.2	0.0	0.0
T000380	0.1111111111111111	0.0	0.0	0.0	0.0	0.1111111111111111	0.0	0.1111111111111111	0.0	0.0	0.0	0.0	0.0	0.0	0.0	0.2222222222222222	0.2222222222222222	0.2222222222222222	0.0	0.0
T000660	0.1	0.1	0.1	0.1	0.1	0.1	0.0	0.0	0.0	0.1	0.0	0.1	0.0	0.0	0.0	0.1	0.0	0.1	0.0	0.0
T000297	0.0	0.0	0.0	0.0	0.2	0.0	0.1	0.0	0.0	0.4	0.0	0.0	0.1	0.0	0.1	0.0	0.0	0.0	0.1	0.0
T000349	0.1	0.0	0.0	0.2	0.1	0.0	0.0	0.0	0.0	0.1	0.0	0.0	0.2	0.0	0.0	0.2	0.0	0.0	0.0	0.1
T000603	0.0	0.0	0.1111111111111111	0.1111111111111111	0.1111111111111111	0.0	0.0	0.0	0.0	0.2222222222222222	0.0	0.1111111111111111	0.0	0.1111111111111111	0.0	0.0	0.2222222222222222	0.0	0.0	0.0
T000367	0.1111111111111111	0.0	0.1111111111111111	0.0	0.0	0.0	0.0	0.0	0.0	0.5555555555555556	0.0	0.0	0.1111111111111111	0.0	0.0	0.0	0.0	0.1111111111111111	0.0	0.0
T000285	0.0	0.0	0.0	0.0	0.1111111111111111	0.2222222222222222	0.0	0.0	0.0	0.1111111111111111	0.0	0.0	0.0	0.1111111111111111	0.1111111111111111	0.1111111111111111	0.0	0.0	0.0	0.2222222222222222
T000157	0.0	0.0	0.0	0.2	0.1	0.1	0.0	0.1	0.0	0.1	0.0	0.0	0.0	0.0	0.0	0.0	0.0	0.4	0.0	0.0
T000426	0.07142857142857142	0.0	0.0	0.14285714285714285	0.0	0.14285714285714285	0.0	0.0	0.0	0.14285714285714285	0.0	0.0	0.14285714285714285	0.07142857142857142	0.0	0.07142857142857142	0.0	0.14285714285714285	0.0	0.07142857142857142
T000814	0.0	0.0	0.0	0.1	0.1	0.1	0.0	0.1	0.0	0.3	0.0	0.0	0.0	0.0	0.0	0.1	0.0	0.1	0.1	0.0
T000922	0.0	0.0	0.0	0.0	0.1	0.2	0.0	0.0	0.2	0.1	0.0	0.0	0.0	0.1	0.0	0.1	0.2	0.0	0.0	0.0
T000082	0.1111111111111111	0.1111111111111111	0.0	0.0	0.1111111111111111	0.0	0.0	0.0	0.0	0.1111111111111111	0.0	0.1111111111111111	0.0	0.0	0.0	0.1111111111111111	0.1111111111111111	0.1111111111111111	0.0	0.1111111111111111
T000394	0.0	0.0	0.0	0.1	0.1	0.0	0.0	0.1	0.1	0.2	0.1	0.1	0.0	0.1	0.0	0.0	0.1	0.0	0.0	0.0
T000332	0.0	0.0	0.0	0.0	0.0	0.1111111111111111	0.0	0.2222222222222222	0.1111111111111111	0.1111111111111111	0.0	0.0	0.1111111111111111	0.1111111111111111	0.1111111111111111	0.1111111111111111	0.0	0.0	0.0	0.0
T000703	0.1111111111111111	0.0	0.0	0.0	0.0	0.0	0.0	0.1111111111111111	0.0	0.0	0.0	0.1111111111111111	0.1111111111111111	0.0	0.2222222222222222	0.1111111111111111	0.0	0.1111111111111111	0.0	0.1111111111111111
T000587	0.2	0.0	0.1	0.0	0.0	0.0	0.0	0.0	0.0	0.2	0.0	0.1	0.0	0.0	0.0	0.2	0.1	0.1	0.0	0.0
T000815	0.1	0.0	0.1	0.0	0.0	0.0	0.1	0.0	0.0	0.4	0.1	0.0	0.0	0.0	0.0	0.1	0.0	0.1	0.0	0.0
T000680	0.0	0.0	0.0	0.0	0.2222222222222222	0.0	0.0	0.0	0.0	0.1111111111111111	0.0	0.3333333333333333	0.0	0.0	0.1111111111111111	0.0	0.0	0.0	0.0	0.2222222222222222
T000956	0.0	0.0	0.0	0.0	0.0	0.0	0.1	0.1	0.0	0.1	0.0	0.2	0.1	0.1	0.1	0.2	0.0	0.0	0.0	0.0
T000935	0.0	0.0	0.0	0.3333333333333333	0.0	0.0	0.0	0.1111111111111111	0.0	0.3333333333333333	0.0	0.0	0.0	0.0	0.0	0.1111111111111111	0.0	0.0	0.0	0.1111111111111111
T000276	0.09090909090909091	0.0	0.0	0.0	0.0	0.09090909090909091	0.09090909090909091	0.09090909090909091	0.0	0.18181818181818182	0.0	0.0	0.18181818181818182	0.09090909090909091	0.09090909090909091	0.0	0.0	0.09090909090909091	0.0	0.0
T000647	0.2222222222222222	0.0	0.0	0.0	0.0	0.1111111111111111	0.0	0.1111111111111111	0.0	0.2222222222222222	0.0	0.0	0.1111111111111111	0.0	0.1111111111111111	0.1111111111111111	0.0	0.0	0.0	0.0
T000754	0.1111111111111111	0.0	0.0	0.0	0.0	0.0	0.0	0.1111111111111111	0.2222222222222222	0.0	0.0	0.0	0.1111111111111111	0.1111111111111111	0.0	0.1111111111111111	0.1111111111111111	0.0	0.0	0.1111111111111111
T000909	0.0	0.0	0.0	0.1111111111111111	0.0	0.2222222222222222	0.0	0.1111111111111111	0.1111111111111111	0.1111111111111111	0.1111111111111111	0.0	0.0	0.0	0.0	0.0	0.0	0.1111111111111111	0.0	0.1111111111111111
T000105	0.1111111111111111	0.0	0.1111111111111111	0.0	0.0	0.1111111111111111	0.0	0.1111111111111111	0.0	0.3333333333333333	0.0	0.0	0.0	0.0	0.1111111111111111	0.1111111111111111	0.0	0.0	0.0	0.0
T000923	0.0	0.1111111111111111	0.0	0.1111111111111111	0.1111111111111111	0.0	0.0	0.0	0.0	0.1111111111111111	0.1111111111111111	0.2222222222222222	0.0	0.0	0.0	0.0	0.0	0.2222222222222222	0.0	0.0
T000119	0.09090909090909091	0.0	0.09090909090909091	0.09090909090909091	0.0	0.18181818181818182	0.0	0.18181818181818182	0.0	0.09090909090909091	0.0	0.09090909090909091	0.0	0.0	0.09090909090909091	0.0	0.0	0.0	0.09090909090909091	0.0
T000891	0.0	0.0	0.0	0.0	0.2222222222222222	0.1111111111111111	0.0	0.1111111111111111	0.0	0.0	0.0	0.0	0.1111111111111111	0.0	0.2222222222222222	0.0	0.1111111111111111	0.1111111111111111	0.0	0.0
T000292	0.0	0.0	0.4	0.0	0.1	0.0	0.0	0.0	0.0	0.0	0.0	0.0	0.1	0.1	0.0	0.2	0.0	0.0	0.0	0.1
T000019	0.0	0.0	0.0	0.0	0.0	0.1111111111111111	0.0	0.1111111111111111	0.0	0.3333333333333333	0.0	0.0	0.0	0.0	0.0	0.0	0.0	0.4444444444444444	0.0	0.0
T000236	0.1111111111111111	0.0	0.0	0.1111111111111111	0.1111111111111111	0.0	0.1111111111111111	0.0	0.0	0.3333333333333333	0.0	0.0	0.0	0.0	0.0	0.0	0.0	0.2222222222222222	0.0	0.0
T000088	0.0	0.0	0.0	0.0	0.0	0.0	0.0	0.0	0.0	0.2	0.0	0.2	0.0	0.1	0.0	0.1	0.0	0.1	0.2	0.1
T000698	0.0	0.0	0.1111111111111111	0.0	0.0	0.0	0.0	0.0	0.0	0.2222222222222222	0.1111111111111111	0.0	0.1111111111111111	0.0	0.0	0.1111111111111111	0.0	0.2222222222222222	0.1111111111111111	0.0
T000938	0.1	0.0	0.0	0.0	0.2	0.0	0.1	0.0	0.1	0.1	0.0	0.0	0.0	0.0	0.0	0.2	0.1	0.0	0.0	0.1
T000826	0.0	0.1111111111111111	0.0	0.1111111111111111	0.0	0.0	0.0	0.1111111111111111	0.0	0.1111111111111111	0.0	0.0	0.0	0.1111111111111111	0.1111111111111111	0.1111111111111111	0.0	0.1111111111111111	0.1111111111111111	0.0
T000741	0.2222222222222222	0.0	0.0	0.0	0.0	0.1111111111111111	0.0	0.0	0.0	0.5555555555555556	0.1111111111111111	0.0	0.0	0.0	0.0	0.0	0.0	0.0	0.0	0.0
T000669	0.0	0.0	0.1	0.0	0.0	0.0	0.0	0.0	0.1	0.3	0.0	0.0	0.1	0.1	0.0	0.0	0.2	0.0	0.1	0.0
T000584	0.0	0.0	0.1111111111111111	0.0	0.1111111111111111	0.0	0.0	0.0	0.1111111111111111	0.1111111111111111	0.1111111111111111	0.0	0.0	0.1111111111111111	0.1111111111111111	0.1111111111111111	0.0	0.1111111111111111	0.0	0.0
T000118	0.1111111111111111	0.0	0.1111111111111111	0.0	0.0	0.0	0.0	0.1111111111111111	0.0	0.1111111111111111	0.0	0.0	0.1111111111111111	0.0	0.0	0.1111111111111111	0.0	0.2222222222222222	0.0	0.1111111111111111
T000967	0.0	0.1	0.0	0.1	0.0	0.0	0.0	0.2	0.2	0.1	0.0	0.0	0.0	0.0	0.1	0.1	0.0	0.1	0.0	0.0
T000863	0.0	0.0	0.0	0.2	0.0	0.0	0.1	0.1	0.0	0.1	0.0	0.1	0.0	0.2	0.0	0.0	0.0	0.1	0.0	0.1
T000940	0.0	0.0	0.0	0.1111111111111111	0.1111111111111111	0.0	0.0	0.1111111111111111	0.1111111111111111	0.3333333333333333	0.0	0.0	0.1111111111111111	0.0	0.1111111111111111	0.0	0.0	0.0	0.0	0.0
T000836	0.0	0.0	0.1111111111111111	0.0	0.1111111111111111	0.0	0.0	0.2222222222222222	0.1111111111111111	0.1111111111111111	0.0	0.0	0.0	0.0	0.2222222222222222	0.0	0.0	0.0	0.0	0.1111111111111111
T000986	0.1	0.2	0.0	0.0	0.0	0.0	0.0	0.0	0.0	0.1	0.0	0.0	0.2	0.0	0.1	0.0	0.1	0.1	0.0	0.1
T000758	0.0	0.0	0.0	0.0	0.0	0.0	0.0	0.2222222222222222	0.0	0.2222222222222222	0.0	0.0	0.2222222222222222	0.1111111111111111	0.0	0.0	0.0	0.1111111111111111	0.1111111111111111	0.0
T000415	0.0	0.0	0.2222222222222222	0.0	0.1111111111111111	0.0	0.0	0.0	0.0	0.3333333333333333	0.0	0.0	0.0	0.0	0.1111111111111111	0.0	0.0	0.2222222222222222	0.0	0.0
T000881	0.1	0.0	0.1	0.1	0.0	0.1	0.0	0.0	0.0	0.1	0.0	0.0	0.2	0.1	0.1	0.0	0.0	0.1	0.0	0.0
T000729	0.1111111111111111	0.0	0.0	0.1111111111111111	0.0	0.1111111111111111	0.0	0.0	0.0	0.0	0.0	0.0	0.1111111111111111	0.1111111111111111	0.0	0.0	0.2222222222222222	0.1111111111111111	0.0	0.1111111111111111
T000133	0.09090909090909091	0.0	0.09090909090909091	0.0	0.09090909090909091	0.09090909090909091	0.0	0.09090909090909091	0.18181818181818182	0.09090909090909091	0.0	0.0	0.0	0.0	0.0	0.0	0.09090909090909091	0.18181818181818182	0.0	0.0
T000724	0.2222222222222222	0.0	0.0	0.1111111111111111	0.0	0.0	0.0	0.0	0.0	0.3333333333333333	0.0	0.0	0.1111111111111111	0.0	0.0	0.0	0.0	0.2222222222222222	0.0	0.0
T000114	0.0	0.0	0.2222222222222222	0.0	0.0	0.0	0.1111111111111111	0.0	0.0	0.2222222222222222	0.0	0.1111111111111111	0.0	0.0	0.0	0.1111111111111111	0.0	0.1111111111111111	0.0	0.1111111111111111
T000586	0.2222222222222222	0.0	0.1111111111111111	0.0	0.0	0.0	0.0	0.0	0.0	0.2222222222222222	0.0	0.1111111111111111	0.0	0.0	0.0	0.2222222222222222	0.1111111111111111	0.0	0.0	0.0
T000998	0.0	0.1	0.2	0.0	0.1	0.0	0.0	0.0	0.0	0.2	0.0	0.0	0.0	0.0	0.1	0.0	0.2	0.0	0.0	0.1
T000731	0.3333333333333333	0.0	0.0	0.0	0.0	0.0	0.0	0.1111111111111111	0.0	0.4444444444444444	0.0	0.0	0.1111111111111111	0.0	0.0	0.0	0.0	0.0	0.0	0.0
T000425	0.0	0.0	0.0	0.0	0.0	0.2222222222222222	0.0	0.0	0.0	0.3333333333333333	0.0	0.0	0.1111111111111111	0.0	0.0	0.2222222222222222	0.0	0.1111111111111111	0.0	0.0
T000574	0.1	0.0	0.0	0.0	0.1	0.1	0.0	0.1	0.1	0.1	0.0	0.1	0.1	0.1	0.0	0.1	0.0	0.0	0.0	0.0
T000403	0.0	0.0	0.2222222222222222	0.0	0.2222222222222222	0.2222222222222222	0.0	0.1111111111111111	0.0	0.0	0.1111111111111111	0.0	0.0	0.1111111111111111	0.0	0.0	0.0	0.0	0.0	0.0
T000020	0.1111111111111111	0.0	0.0	0.0	0.2222222222222222	0.1111111111111111	0.0	0.1111111111111111	0.1111111111111111	0.2222222222222222	0.0	0.0	0.0	0.0	0.0	0.1111111111111111	0.0	0.0	0.0	0.0
T000298	0.0	0.2222222222222222	0.2222222222222222	0.1111111111111111	0.0	0.0	0.0	0.1111111111111111	0.1111111111111111	0.0	0.0	0.0	0.0	0.0	0.0	0.0	0.1111111111111111	0.0	0.0	0.1111111111111111
T000033	0.0	0.0	0.0	0.2222222222222222	0.0	0.0	0.0	0.0	0.0	0.3333333333333333	0.0	0.0	0.0	0.1111111111111111	0.1111111111111111	0.0	0.1111111111111111	0.1111111111111111	0.0	0.0
T000351	0.1	0.0	0.1	0.2	0.0	0.1	0.0	0.1	0.0	0.1	0.0	0.0	0.0	0.0	0.1	0.0	0.1	0.0	0.0	0.1
T000544	0.0	0.0	0.0	0.0	0.1111111111111111	0.0	0.0	0.1111111111111111	0.0	0.3333333333333333	0.0	0.0	0.0	0.0	0.1111111111111111	0.1111111111111111	0.1111111111111111	0.0	0.0	0.1111111111111111
T000537	0.08333333333333333	0.08333333333333333	0.25	0.16666666666666666	0.0	0.0	0.0	0.08333333333333333	0.08333333333333333	0.0	0.0	0.0	0.0	0.0	0.0	0.08333333333333333	0.08333333333333333	0.0	0.0	0.08333333333333333
T000707	0.0	0.1111111111111111	0.0	0.0	0.0	0.0	0.0	0.0	0.0	0.2222222222222222	0.0	0.1111111111111111	0.1111111111111111	0.1111111111111111	0.0	0.1111111111111111	0.0	0.1111111111111111	0.1111111111111111	0.0
T000608	0.0	0.0	0.0	0.1111111111111111	0.0	0.0	0.0	0.1111111111111111	0.1111111111111111	0.2222222222222222	0.0	0.1111111111111111	0.1111111111111111	0.0	0.0	0.1111111111111111	0.0	0.1111111111111111	0.0	0.0
T000530	0.1	0.0	0.1	0.0	0.0	0.0	0.0	0.0	0.3	0.0	0.0	0.0	0.2	0.1	0.0	0.1	0.1	0.0	0.0	0.0
T000284	0.1	0.0	0.0	0.0	0.1	0.0	0.0	0.0	0.1	0.1	0.1	0.1	0.1	0.0	0.0	0.1	0.1	0.0	0.0	0.1
T000526	0.1111111111111111	0.0	0.1111111111111111	0.1111111111111111	0.2222222222222222	0.0	0.0	0.0	0.0	0.0	0.0	0.1111111111111111	0.0	0.0	0.1111111111111111	0.0	0.1111111111111111	0.0	0.0	0.1111111111111111
T000782	0.3	0.0	0.0	0.0	0.0	0.0	0.0	0.1	0.0	0.1	0.1	0.0	0.0	0.0	0.1	0.0	0.1	0.0	0.1	0.1
T000143	0.0	0.0	0.0	0.0	0.3333333333333333	0.0	0.0	0.0	0.0	0.1111111111111111	0.0	0.0	0.1111111111111111	0.0	0.2222222222222222	0.1111111111111111	0.0	0.1111111111111111	0.0	0.0
T000790	0.1111111111111111	0.0	0.0	0.2222222222222222	0.1111111111111111	0.1111111111111111	0.0	0.0	0.0	0.1111111111111111	0.1111111111111111	0.0	0.0	0.0	0.0	0.0	0.0	0.2222222222222222	0.0	0.0
T000766	0.1111111111111111	0.0	0.1111111111111111	0.0	0.0	0.1111111111111111	0.1111111111111111	0.0	0.0	0.1111111111111111	0.0	0.1111111111111111	0.0	0.0	0.0	0.1111111111111111	0.1111111111111111	0.0	0.0	0.1111111111111111
T000296	0.0	0.0	0.0	0.2222222222222222	0.1111111111111111	0.0	0.0	0.1111111111111111	0.0	0.2222222222222222	0.0	0.0	0.0	0.1111111111111111	0.1111111111111111	0.0	0.0	0.0	0.1111111111111111	0.0
T000803	0.0	0.1	0.1	0.1	0.1	0.0	0.1	0.0	0.0	0.2	0.0	0.0	0.0	0.0	0.0	0.0	0.1	0.1	0.0	0.1
T000372	0.0	0.0	0.1111111111111111	0.0	0.1111111111111111	0.1111111111111111	0.0	0.0	0.0	0.1111111111111111	0.0	0.0	0.0	0.0	0.1111111111111111	0.2222222222222222	0.0	0.1111111111111111	0.0	0.1111111111111111
T000562	0.2222222222222222	0.0	0.0	0.0	0.0	0.2222222222222222	0.0	0.1111111111111111	0.1111111111111111	0.1111111111111111	0.0	0.0	0.0	0.0	0.0	0.0	0.0	0.2222222222222222	0.0	0.0
T000701	0.0	0.0	0.0	0.1	0.1	0.0	0.0	0.0	0.1	0.2	0.1	0.0	0.0	0.0	0.0	0.0	0.1	0.1	0.0	0.2
T000546	0.2222222222222222	0.0	0.0	0.1111111111111111	0.0	0.0	0.0	0.0	0.0	0.3333333333333333	0.0	0.0	0.1111111111111111	0.1111111111111111	0.1111111111111111	0.0	0.0	0.0	0.0	0.0
T000732	0.3333333333333333	0.0	0.0	0.0	0.0	0.1111111111111111	0.0	0.0	0.0	0.4444444444444444	0.1111111111111111	0.0	0.0	0.0	0.0	0.0	0.0	0.0	0.0	0.0
T000767	0.0	0.0	0.0	0.2	0.0	0.1	0.0	0.1	0.1	0.1	0.0	0.0	0.0	0.1	0.0	0.1	0.0	0.0	0.2	0.0
T000037	0.1111111111111111	0.0	0.0	0.0	0.0	0.0	0.0	0.0	0.0	0.2222222222222222	0.0	0.1111111111111111	0.1111111111111111	0.0	0.0	0.1111111111111111	0.2222222222222222	0.0	0.0	0.1111111111111111
T000299	0.0	0.0	0.1	0.1	0.1	0.1	0.0	0.1	0.1	0.1	0.0	0.1	0.0	0.0	0.0	0.0	0.2	0.0	0.0	0.0
T000377	0.0	0.0	0.0	0.2222222222222222	0.0	0.1111111111111111	0.0	0.1111111111111111	0.1111111111111111	0.4444444444444444	0.0	0.0	0.0	0.0	0.0	0.0	0.0	0.0	0.0	0.0
T000517	0.3	0.0	0.0	0.1	0.1	0.0	0.0	0.0	0.0	0.3	0.1	0.0	0.0	0.1	0.0	0.0	0.0	0.0	0.0	0.0
T000824	0.1111111111111111	0.0	0.1111111111111111	0.0	0.1111111111111111	0.1111111111111111	0.0	0.1111111111111111	0.0	0.3333333333333333	0.0	0.0	0.0	0.0	0.0	0.1111111111111111	0.0	0.0	0.0	0.0
T000770	0.0	0.0	0.0	0.1111111111111111	0.0	0.1111111111111111	0.0	0.1111111111111111	0.0	0.1111111111111111	0.0	0.1111111111111111	0.0	0.1111111111111111	0.2222222222222222	0.0	0.0	0.0	0.0	0.1111111111111111
T000755	0.0	0.0	0.0	0.1	0.0	0.1	0.1	0.1	0.3	0.0	0.0	0.0	0.0	0.1	0.1	0.1	0.0	0.0	0.0	0.0
T000694	0.0	0.0	0.0	0.0	0.1111111111111111	0.0	0.0	0.0	0.0	0.2222222222222222	0.0	0.0	0.0	0.0	0.3333333333333333	0.1111111111111111	0.1111111111111111	0.1111111111111111	0.0	0.0
T000900	0.0	0.0	0.0	0.0	0.0	0.2222222222222222	0.0	0.0	0.1111111111111111	0.4444444444444444	0.0	0.0	0.1111111111111111	0.0	0.0	0.0	0.0	0.0	0.0	0.1111111111111111
T000258	0.2222222222222222	0.0	0.0	0.0	0.1111111111111111	0.1111111111111111	0.0	0.0	0.0	0.1111111111111111	0.0	0.0	0.1111111111111111	0.0	0.1111111111111111	0.0	0.0	0.0	0.1111111111111111	0.1111111111111111
T000360	0.1111111111111111	0.0	0.0	0.0	0.0	0.0	0.0	0.0	0.0	0.2222222222222222	0.0	0.0	0.1111111111111111	0.0	0.0	0.0	0.2222222222222222	0.3333333333333333	0.0	0.0
T000991	0.1	0.0	0.1	0.0	0.1	0.2	0.0	0.2	0.0	0.2	0.0	0.0	0.0	0.0	0.0	0.0	0.0	0.0	0.0	0.1
T000382	0.0	0.0	0.0	0.1111111111111111	0.0	0.0	0.1111111111111111	0.0	0.0	0.1111111111111111	0.0	0.0	0.1111111111111111	0.1111111111111111	0.2222222222222222	0.1111111111111111	0.0	0.0	0.0	0.1111111111111111
T000038	0.0	0.0	0.0	0.1111111111111111	0.0	0.0	0.0	0.0	0.1111111111111111	0.1111111111111111	0.0	0.1111111111111111	0.1111111111111111	0.0	0.1111111111111111	0.1111111111111111	0.1111111111111111	0.1111111111111111	0.0	0.0
T000827	0.1111111111111111	0.0	0.1111111111111111	0.2222222222222222	0.1111111111111111	0.0	0.0	0.0	0.0	0.2222222222222222	0.0	0.0	0.0	0.0	0.0	0.0	0.0	0.2222222222222222	0.0	0.0
T000438	0.0	0.0	0.0	0.2222222222222222	0.1111111111111111	0.0	0.0	0.1111111111111111	0.1111111111111111	0.2222222222222222	0.0	0.0	0.0	0.0	0.0	0.0	0.0	0.2222222222222222	0.0	0.0
T000516	0.2	0.0	0.0	0.1	0.0	0.0	0.0	0.0	0.0	0.1	0.0	0.0	0.1	0.1	0.3	0.0	0.0	0.1	0.0	0.0
T000109	0.1111111111111111	0.0	0.1111111111111111	0.0	0.1111111111111111	0.0	0.0	0.1111111111111111	0.0	0.1111111111111111	0.0	0.1111111111111111	0.1111111111111111	0.0	0.0	0.0	0.0	0.2222222222222222	0.0	0.0
T000001	0.1111111111111111	0.1111111111111111	0.0	0.0	0.0	0.1111111111111111	0.0	0.0	0.0	0.4444444444444444	0.0	0.0	0.0	0.0	0.1111111111111111	0.0	0.0	0.0	0.1111111111111111	0.0
T000039	0.0	0.0	0.0	0.0	0.0	0.0	0.1111111111111111	0.0	0.1111111111111111	0.1111111111111111	0.0	0.1111111111111111	0.1111111111111111	0.0	0.0	0.1111111111111111	0.0	0.3333333333333333	0.0	0.0
T000551	0.0	0.1111111111111111	0.0	0.0	0.1111111111111111	0.0	0.0	0.1111111111111111	0.0	0.2222222222222222	0.0	0.1111111111111111	0.0	0.1111111111111111	0.0	0.0	0.1111111111111111	0.0	0.0	0.1111111111111111
T000543	0.1111111111111111	0.0	0.1111111111111111	0.1111111111111111	0.0	0.0	0.0	0.1111111111111111	0.0	0.0	0.0	0.1111111111111111	0.0	0.0	0.1111111111111111	0.1111111111111111	0.0	0.0	0.1111111111111111	0.1111111111111111
T000427	0.0	0.0	0.0	0.0	0.2	0.0	0.0	0.0	0.1	0.2	0.0	0.0	0.2	0.0	0.0	0.2	0.0	0.0	0.0	0.1
T000910	0.2	0.0	0.0	0.0	0.0	0.0	0.1	0.2	0.0	0.2	0.1	0.0	0.0	0.0	0.0	0.0	0.1	0.0	0.0	0.1
T000877	0.1111111111111111	0.0	0.0	0.0	0.0	0.0	0.0	0.0	0.0	0.4444444444444444	0.1111111111111111	0.0	0.3333333333333333	0.0	0.0	0.0	0.0	0.0	0.0	0.0
T000777	0.2	0.0	0.0	0.0	0.2	0.0	0.1	0.0	0.0	0.0	0.0	0.0	0.0	0.1	0.1	0.1	0.0	0.1	0.0	0.1
T000122	0.0	0.0	0.0	0.0	0.0	0.0	0.0	0.0	0.0	0.0	0.0	0.0	0.2222222222222222	0.0	0.3333333333333333	0.0	0.0	0.0	0.1111111111111111	0.3333333333333333
T000209	0.0	0.0	0.0	0.2	0.1	0.1	0.0	0.1	0.0	0.2	0.1	0.0	0.0	0.0	0.0	0.0	0.0	0.2	0.0	0.0
T000901	0.2222222222222222	0.1111111111111111	0.0	0.1111111111111111	0.0	0.1111111111111111	0.0	0.1111111111111111	0.0	0.1111111111111111	0.1111111111111111	0.0	0.0	0.1111111111111111	0.0	0.0	0.0	0.0	0.0	0.0
T000110	0.0	0.0	0.0	0.0	0.1111111111111111	0.0	0.1111111111111111	0.0	0.0	0.1111111111111111	0.0	0.0	0.0	0.0	0.0	0.1111111111111111	0.0	0.2222222222222222	0.1111111111111111	0.2222222222222222
T000031	0.1111111111111111	0.0	0.0	0.0	0.0	0.0	0.0	0.2222222222222222	0.0	0.1111111111111111	0.0	0.0	0.1111111111111111	0.0	0.0	0.2222222222222222	0.1111111111111111	0.1111111111111111	0.0	0.0
T000874	0.0	0.1111111111111111	0.1111111111111111	0.0	0.2222222222222222	0.0	0.1111111111111111	0.0	0.1111111111111111	0.1111111111111111	0.0	0.0	0.1111111111111111	0.0	0.0	0.0	0.0	0.0	0.0	0.1111111111111111
T000104	0.1	0.1	0.0	0.1	0.1	0.0	0.2	0.1	0.1	0.0	0.1	0.1	0.0	0.0	0.0	0.0	0.0	0.0	0.0	0.0
T000882	0.1111111111111111	0.0	0.1111111111111111	0.1111111111111111	0.0	0.1111111111111111	0.0	0.0	0.1111111111111111	0.1111111111111111	0.0	0.1111111111111111	0.0	0.0	0.0	0.0	0.0	0.2222222222222222	0.0	0.0
T000016	0.1111111111111111	0.0	0.0	0.0	0.0	0.1111111111111111	0.1111111111111111	0.1111111111111111	0.0	0.2222222222222222	0.0	0.1111111111111111	0.0	0.0	0.0	0.1111111111111111	0.0	0.0	0.0	0.1111111111111111
T000835	0.0	0.0	0.1111111111111111	0.0	0.1111111111111111	0.0	0.0	0.2222222222222222	0.1111111111111111	0.1111111111111111	0.1111111111111111	0.0	0.0	0.0	0.1111111111111111	0.0	0.0	0.0	0.0	0.1111111111111111
T000823	0.0	0.0	0.1111111111111111	0.0	0.0	0.0	0.1111111111111111	0.1111111111111111	0.0	0.3333333333333333	0.0	0.0	0.0	0.1111111111111111	0.0	0.0	0.0	0.1111111111111111	0.1111111111111111	0.0
T000353	0.1111111111111111	0.0	0.0	0.0	0.0	0.1111111111111111	0.0	0.1111111111111111	0.0	0.3333333333333333	0.0	0.1111111111111111	0.0	0.0	0.1111111111111111	0.0	0.0	0.1111111111111111	0.0	0.0
T000255	0.0	0.0	0.1111111111111111	0.1111111111111111	0.0	0.2222222222222222	0.1111111111111111	0.0	0.0	0.2222222222222222	0.1111111111111111	0.0	0.0	0.0	0.0	0.0	0.0	0.0	0.0	0.1111111111111111
T000934	0.0	0.0	0.0	0.1111111111111111	0.0	0.0	0.0	0.0	0.1111111111111111	0.2222222222222222	0.0	0.2222222222222222	0.0	0.1111111111111111	0.0	0.0	0.1111111111111111	0.1111111111111111	0.0	0.0
T000788	0.1	0.0	0.0	0.0	0.2	0.1	0.0	0.0	0.2	0.2	0.0	0.0	0.0	0.0	0.0	0.2	0.0	0.0	0.0	0.0
T000428	0.0	0.0	0.0	0.0	0.0	0.0	0.0	0.0	0.0	0.5555555555555556	0.0	0.0	0.0	0.0	0.0	0.0	0.2222222222222222	0.2222222222222222	0.0	0.0
T000661	0.25	0.0	0.0	0.0	0.0	0.0	0.0	0.125	0.0	0.125	0.0	0.0	0.0	0.125	0.0	0.0	0.125	0.125	0.0	0.125
T000876	0.0	0.0	0.0	0.1111111111111111	0.0	0.0	0.0	0.0	0.0	0.2222222222222222	0.1111111111111111	0.0	0.1111111111111111	0.0	0.2222222222222222	0.0	0.2222222222222222	0.0	0.0	0.0
T000872	0.0	0.0	0.1111111111111111	0.0	0.1111111111111111	0.1111111111111111	0.0	0.2222222222222222	0.0	0.0	0.1111111111111111	0.0	0.1111111111111111	0.0	0.0	0.0	0.0	0.0	0.0	0.2222222222222222
T000791	0.0	0.0	0.0	0.2222222222222222	0.0	0.0	0.0	0.0	0.1111111111111111	0.3333333333333333	0.0	0.0	0.0	0.1111111111111111	0.0	0.2222222222222222	0.0	0.0	0.0	0.0
T000165	0.0	0.0	0.0	0.1	0.1	0.1	0.0	0.1	0.0	0.2	0.0	0.0	0.0	0.1	0.0	0.0	0.0	0.2	0.0	0.1
T000420	0.0	0.1	0.1	0.0	0.1	0.0	0.0	0.1	0.0	0.1	0.0	0.0	0.1	0.0	0.1	0.0	0.0	0.3	0.0	0.0
T000728	0.0	0.0	0.0	0.1111111111111111	0.0	0.1111111111111111	0.0	0.1111111111111111	0.1111111111111111	0.2222222222222222	0.0	0.0	0.1111111111111111	0.0	0.0	0.0	0.0	0.1111111111111111	0.1111111111111111	0.0
T000419	0.0	0.1111111111111111	0.1111111111111111	0.0	0.1111111111111111	0.0	0.0	0.1111111111111111	0.0	0.1111111111111111	0.0	0.0	0.1111111111111111	0.0	0.1111111111111111	0.0	0.0	0.2222222222222222	0.0	0.0
T000343	0.1111111111111111	0.1111111111111111	0.0	0.0	0.0	0.3333333333333333	0.0	0.0	0.1111111111111111	0.0	0.0	0.0	0.0	0.0	0.0	0.0	0.0	0.3333333333333333	0.0	0.0
T000423	0.1	0.0	0.1	0.0	0.1	0.0	0.0	0.0	0.0	0.2	0.0	0.0	0.1	0.0	0.1	0.1	0.0	0.0	0.1	0.1
T000411	0.2222222222222222	0.0	0.0	0.0	0.1111111111111111	0.0	0.1111111111111111	0.0	0.0	0.1111111111111111	0.0	0.0	0.0	0.0	0.1111111111111111	0.1111111111111111	0.1111111111111111	0.1111111111111111	0.0	0.0
